Timestamp,pm25,pm10,no2,so2,co,ozone,temp,humidity,wind_speed,wind_dir
2024-01-01 00:00:00+00:00,201.70833333333334,340.453125,56.39791666666667,8.6796875,1.6008333333333333,17.028645833333332,11.809895833333334,75.34375,0.4114583333333333,59.817708333333336
2024-01-02 00:00:00+00:00,195.90625,322.4166666666667,62.584374999999994,18.880729166666665,1.7713541666666668,17.979166666666668,11.538541666666667,72.11458333333333,0.5437500000000001,54.177083333333336
2024-01-03 00:00:00+00:00,247.09375,360.0416666666667,71.01718749999999,15.338278546712802,2.1821875,15.513541666666667,10.745833333333332,84.65625,0.5109374999999999,37.760416666666664
2024-01-04 00:00:00+00:00,274.0625,436.21875,71.07083333333334,10.079166666666667,1.8563541666666667,14.377083333333333,11.543750000000001,81.26041666666667,0.31875,96.4375
2024-01-05 00:00:00+00:00,218.28125,345.9791666666667,59.13125,11.380729166666667,2.2047916666666665,15.246875000000001,12.008333333333333,84.875,0.32187499999999997,51.010416666666664
2024-01-06 00:00:00+00:00,223.30208333333334,376.5416666666667,68.65208333333334,18.995833333333334,3.5675000000000003,14.941666666666668,11.71875,78.78125,0.3854166666666667,44.385416666666664
2024-01-07 00:00:00+00:00,214.33333333333334,357.84375,75.71458333333334,8.182638888888889,3.5453125,17.227083333333333,12.201041666666667,74.78125,0.39479166666666665,61.260416666666664
2024-01-08 00:00:00+00:00,331.125,531.5625,81.5859375,15.816145833333332,4.107291666666667,15.232291666666667,11.527083333333332,80.91666666666667,0.3833333333333333,37.854166666666664
2024-01-09 00:00:00+00:00,184.91666666666666,303.9895833333333,57.75104166666667,10.615104166666667,3.86,15.325000000000001,11.623958333333334,80.97916666666667,0.4427083333333333,91.48958333333333
2024-01-10 00:00:00+00:00,177.28125,304.9375,58.190625000000004,12.547395833333333,4.559375,16.990624999999998,11.038541666666667,77.80208333333333,0.521875,122.64583333333333
2024-01-11 00:00:00+00:00,229.36458333333334,375.2083333333333,75.83072916666667,17.8328125,3.954322916666667,19.525000000000002,11.711979166666666,74.67708333333333,0.36302083333333335,99.453125
2024-01-12 00:00:00+00:00,253.5625,392.3697916666667,87.00104166666667,8.719270833333333,3.6289583333333333,18.486458333333335,11.565624999999999,76.6875,0.33125,73.72916666666667
2024-01-13 00:00:00+00:00,408.1750679250679,584.8310975609756,114.77499999999999,23.123437499999998,4.2022916666666665,25.519791666666666,10.984375,81.9375,0.41354166666666664,38.677083333333336
2024-01-14 00:00:00+00:00,357.125,546.5625,91.7568316564858,21.4578125,4.900729166666667,28.183333333333334,11.286458333333334,79.73958333333333,0.35312499999999997,75.70833333333333
2024-01-15 00:00:00+00:00,238.57291666666666,405.9583333333333,102.32386363636364,23.964583333333334,5.0971874999999995,23.272916666666664,11.815624999999999,74.46875,0.34479166666666666,57.03125
2024-01-16 00:00:00+00:00,294.9166666666667,409.9479166666667,80.13958333333333,,4.095364583333334,19.357291666666665,10.768749999999999,83.5625,0.8489583333333334,40.864583333333336
2024-01-17 00:00:00+00:00,226.15625,338.0729166666667,71.07916666666667,3.8777256944444445,0.7913541666666667,17.007291666666667,11.4625,75.55208333333333,0.6,46.645833333333336
2024-01-18 00:00:00+00:00,199.32291666666666,308.9583333333333,69.15729166666667,,0.4433482142857143,16.066666666666666,11.505208333333334,79.75,0.5083333333333333,52.541666666666664
2024-01-19 00:00:00+00:00,207.484375,312.3958333333333,61.4703125,10.597916666666666,0.39751116071428566,15.25625,10.897395833333334,82.38541666666667,0.6739583333333333,50.927083333333336
2024-01-20 00:00:00+00:00,200.34895833333334,335.84375,77.70208333333333,16.022395833333334,1.3050657894736843,17.276041666666668,11.862499999999999,73.74479166666667,0.48125,59.364583333333336
2024-01-21 00:00:00+00:00,212.08333333333334,331.7604166666667,78.840625,,1.4904166666666667,15.322916666666666,11.204166666666666,80.97916666666667,0.38645833333333335,100.59375
2024-01-22 00:00:00+00:00,238.80208333333334,373.4166666666667,61.97083333333333,12.826041666666667,1.2153125,15.598958333333334,11.245833333333332,75.72916666666667,0.6437499999999999,44.28125
2024-01-23 00:00:00+00:00,256.9791666666667,416.8072916666667,79.675,15.018749999999999,1.2583333333333333,14.46875,11.422916666666666,79.6875,0.6989583333333332,50.583333333333336
2024-01-24 00:00:00+00:00,286.2395833333333,468.484375,86.38333333333333,14.409374999999999,1.2657291666666668,14.344791666666666,11.592708333333334,77.5625,0.35000000000000003,51.75
2024-01-25 00:00:00+00:00,263.8958333333333,449.4583333333333,103.034375,16.493750000000002,1.4209375,14.682291666666666,11.3375,78.47916666666667,0.43124999999999997,59.395833333333336
2024-01-26 00:00:00+00:00,383.8229166666667,575.25,128.728125,7.696682098765432,2.1726041666666664,16.919791666666665,12.385416666666666,75.29166666666667,0.34270833333333334,40.3125
2024-01-27 00:00:00+00:00,201.46875,397.71875,132.41875000000002,,,15.123958333333334,13.463541666666666,65.54166666666667,0.5416666666666666,87.28125
2024-01-28 00:00:00+00:00,312.7291666666667,517.6666666666666,141.009375,11.353108465608464,,25.495833333333334,12.078125,77.96875,0.8458333333333333,55.427083333333336
2024-01-29 00:00:00+00:00,235.90104166666666,406.0364583333333,84.94895833333334,11.886458333333332,,16.094791666666666,13.09375,75.86458333333333,0.440625,52.166666666666664
2024-01-30 00:00:00+00:00,289.84375,462.8020833333333,93.00937499999999,26.994722222222226,0.6217738791423002,15.352083333333333,12.791666666666666,83.38541666666667,0.33749999999999997,57.40625
2024-01-31 00:00:00+00:00,267.8020833333333,354.0989583333333,96.21770833333333,15.084375,0.752445652173913,38.21875,12.779166666666667,88.05729166666667,0.584375,42.46875
2024-02-01 00:00:00+00:00,66.1875,96.8125,59.24583333333334,15.604687499999999,1.523125,15.711458333333333,13.785416666666668,84.64583333333333,1.4375,44.770833333333336
2024-02-02 00:00:00+00:00,103.94791666666667,200.05208333333334,75.72604166666666,14.452083333333334,2.3730208333333334,15.252083333333333,13.03125,81.1875,0.6135416666666667,91.98958333333333
2024-02-03 00:00:00+00:00,119.98958333333333,362.1458333333333,111.809375,14.740625,2.8586458333333336,15.799999999999999,14.078125,62.9375,0.378125,105.0
2024-02-04 00:00:00+00:00,139.35416666666666,236.13541666666666,82.31979166666666,,2.4152083333333336,22.525000000000002,14.594791666666666,79.75,0.7895833333333333,38.8125
2024-02-05 00:00:00+00:00,85.41666666666667,194.5,68.07187499999999,13.1015625,2.2002083333333333,18.665104166666666,14.991145833333334,78.25520833333333,0.40729166666666666,99.71875
2024-02-06 00:00:00+00:00,81.63541666666667,258.3020833333333,77.24583333333334,17.957291666666666,1.8351041666666665,18.852083333333333,14.082291666666668,68.0625,0.5031249999999999,102.17708333333333
2024-02-07 00:00:00+00:00,78.76041666666667,243.27083333333334,70.93124999999999,17.985416666666666,1.3326041666666668,18.586458333333333,15.265625,58.479166666666664,0.8114583333333334,121.78125
2024-02-08 00:00:00+00:00,71.45833333333333,198.08854166666666,66.12395833333333,24.243229166666666,1.2762499999999999,18.266666666666666,16.111458333333335,58.947916666666664,1.0645833333333334,124.38541666666667
2024-02-09 00:00:00+00:00,93.40104166666667,297.17534722222223,114.74739583333333,31.11510416666667,1.8322916666666667,18.401041666666668,17.221354166666668,56.333333333333336,0.3697916666666667,121.94270833333333
2024-02-10 00:00:00+00:00,219.140625,443.3229166666667,115.26875,9.695833333333333,1.3238020833333333,29.0578125,16.893229166666668,65.921875,0.328125,61.083333333333336
2024-02-11 00:00:00+00:00,179.10416666666666,357.3125,112.68124999999999,16.1828125,1.4282291666666669,18.897916666666667,17.046875,65.20833333333333,0.3072916666666667,74.41666666666667
2024-02-12 00:00:00+00:00,190.42708333333334,375.6458333333333,120.89583333333333,24.405208333333334,2.0935416666666664,19.551041666666666,17.485416666666666,68.19791666666667,0.3229166666666667,50.041666666666664
2024-02-13 00:00:00+00:00,259.0,507.75,148.11770833333333,22.431250000000002,2.9419791666666666,20.226041666666667,17.471875,70.33333333333333,0.30104166666666665,68.40625
2024-02-14 00:00:00+00:00,211.984375,424.2083333333333,123.05364583333333,7.096875,1.3852083333333336,19.565625,17.236979166666668,67.84895833333333,0.3125,127.58854166666667
2024-02-15 00:00:00+00:00,142.44791666666666,344.0833333333333,122.421875,10.646875,0.9823625578703704,19.4375,17.3984375,64.15104166666667,0.3729166666666666,107.41145833333333
2024-02-16 00:00:00+00:00,135.125,333.5729166666667,127.48645833333335,20.2859375,2.0527604166666666,20.139583333333334,17.805208333333333,59.604166666666664,0.33437500000000003,91.78125
2024-02-17 00:00:00+00:00,141.73958333333334,406.6458333333333,159.33159722222223,17.7078125,3.515416666666667,19.480208333333334,18.26875,60.0,0.375,95.38541666666667
2024-02-18 00:00:00+00:00,173.51041666666666,414.7737268518519,157.20381944444446,15.838541666666666,4.3096875,19.576041666666665,19.257291666666667,59.21875,0.6322916666666667,54.447916666666664
2024-02-19 00:00:00+00:00,99.484375,268.0520833333333,56.16614583333333,16.769791666666666,2.0672395833333335,21.457291666666666,19.89375,57.411458333333336,2.13125,50.494791666666664
2024-02-20 00:00:00+00:00,121.18958333333335,264.25,83.01875,25.172395833333336,2.631666666666667,22.694791666666664,19.557291666666668,71.52083333333333,0.7677083333333333,36.104166666666664
2024-02-21 00:00:00+00:00,103.72708333333333,266.2395833333333,78.23854166666668,13.553125,2.0094791666666665,20.881249999999998,19.1875,63.322916666666664,0.4270833333333333,96.34375
2024-02-22 00:00:00+00:00,72.20833333333333,218.39583333333334,86.49479166666667,24.265104166666664,1.4243750000000002,20.611458333333335,18.928124999999998,52.625,0.440625,90.4375
2024-02-23 00:00:00+00:00,58.791666666666664,188.57291666666666,94.58802083333335,28.951562499999998,1.6288541666666667,20.1796875,18.231770833333332,49.145833333333336,0.509375,106.95833333333333
2024-02-24 00:00:00+00:00,117.35416666666667,347.40625,151.14166666666668,30.516666666666666,1.7665625,19.235416666666666,18.055208333333333,51.614583333333336,0.36041666666666666,60.541666666666664
2024-02-25 00:00:00+00:00,108.30208333333333,244.75,97.91458333333333,22.1828125,0.8805208333333333,18.806250000000002,18.471875,48.583333333333336,0.5239583333333333,76.79166666666667
2024-02-26 00:00:00+00:00,112.33333333333333,275.375,111.18020833333333,22.8046875,1.088125,18.533333333333335,18.638541666666665,48.28125,0.36041666666666666,51.572916666666664
2024-02-27 00:00:00+00:00,66.96875,177.57291666666666,76.44166666666668,18.897395833333334,0.7500520833333333,18.326041666666665,18.650000000000002,53.0,0.43645833333333334,93.5625
2024-02-28 00:00:00+00:00,,173.296875,75.04062499999999,24.420312499999998,0.7664583333333334,19.014583333333334,18.638541666666665,57.802083333333336,0.5322916666666667,125.66666666666667
2024-02-29 00:00:00+00:00,78.91475,189.89583333333334,108.31614583333334,18.935937499999998,0.9508333333333333,21.065104166666668,19.20885416666667,55.661458333333336,0.42395833333333327,112.60416666666667
2024-03-01 00:00:00+00:00,122.94791666666667,271.4270833333333,113.43645833333333,19.839583333333334,1.6545833333333333,29.481770833333332,19.663541666666667,55.770833333333336,0.9385416666666666,36.354166666666664
2024-03-02 00:00:00+00:00,42.645833333333336,99.59375,36.473958333333336,22.753125,1.2904166666666665,20.520833333333332,18.790625000000002,67.625,3.86875,47.552083333333336
2024-03-03 00:00:00+00:00,63.7650462962963,158.20833333333334,56.87708333333333,16.043229166666666,1.5867708333333335,14.788541666666667,17.592708333333334,68.13541666666667,0.921875,65.19791666666667
2024-03-04 00:00:00+00:00,64.02083333333333,159.28125,62.52395833333333,14.719791666666666,1.3175000000000001,22.241666666666664,17.322916666666668,55.145833333333336,0.6208333333333333,74.96875
2024-03-05 00:00:00+00:00,54.520833333333336,153.07291666666666,57.846875000000004,18.455208333333335,1.204375,28.488541666666666,16.748958333333334,51.666666666666664,0.5499999999999999,120.55208333333333
2024-03-06 00:00:00+00:00,71.47395833333333,168.546875,71.284375,27.836458333333336,1.3364062500000002,30.069270833333334,16.7234375,51.651041666666664,0.4166666666666667,111.51041666666667
2024-03-07 00:00:00+00:00,99.52969348659003,220.82016283524905,86.63872126436782,23.337268518518517,1.5072685185185184,19.3150462962963,17.033101851851853,56.91435185185185,0.35694444444444445,48.576388888888886
2024-03-08 00:00:00+00:00,72.86458333333333,167.69791666666666,65.93020833333334,24.178645833333334,1.2353125,27.662499999999998,18.680208333333333,52.125,0.4583333333333333,95.54166666666667
2024-03-09 00:00:00+00:00,68.88541666666667,160.91666666666666,75.59479166666667,18.8015625,1.2903125,29.787499999999998,18.685416666666665,50.875,0.521875,123.09375
2024-03-10 00:00:00+00:00,111.32825870166634,233.4051163384821,98.40812298603652,19.547528684907324,1.570095208845209,29.732280327547322,19.339217252396164,49.52018588440314,0.37964226933875495,84.07399070577985
2024-03-11 00:00:00+00:00,,,,,,,,,,
2024-03-12 00:00:00+00:00,,,,,,,,,,
2024-03-13 00:00:00+00:00,,,,,,,,,,
2024-03-14 00:00:00+00:00,,,,,,,,,,
2024-03-15 00:00:00+00:00,,,,,,,,,,
2024-03-16 00:00:00+00:00,,,,,,,,,,
2024-03-17 00:00:00+00:00,,,,,,,,,,
2024-03-18 00:00:00+00:00,,,,,,,,,,
2024-03-19 00:00:00+00:00,,,,,,,,,,
2024-03-20 00:00:00+00:00,,,,,,,,,,
2024-03-21 00:00:00+00:00,,,,,,,,,,
2024-03-22 00:00:00+00:00,85.69117647058823,,,,1.8309375,49.5296875,19.777083333333334,60.239583333333336,,45.666666666666664
2024-03-23 00:00:00+00:00,103.3586956521739,,52.56145833333333,,2.7053125,24.210416666666664,20.8125,55.114583333333336,,72.21875
2024-03-24 00:00:00+00:00,86.57902298850576,347.83524904214556,33.24351851851852,25.794444444444444,,,19.819907407407406,53.14351851851852,,66.7824074074074
2024-03-25 00:00:00+00:00,,,,,,,,,,
2024-03-26 00:00:00+00:00,,,,,,,,,,
2024-03-27 00:00:00+00:00,,,,,,,,,,
2024-03-28 00:00:00+00:00,62.989583333333336,208.65625,58.25,31.9875,0.3112169312169312,,21.827083333333334,48.239583333333336,,76.4375
2024-03-29 00:00:00+00:00,88.61458333333333,245.26041666666666,54.97291666666666,29.191145833333334,0.608292824074074,,21.695833333333336,49.625,,41.052083333333336
2024-03-30 00:00:00+00:00,95.3125,301.75,63.31666666666666,29.802083333333332,0.6865909090909091,48.91201690821256,21.742708333333336,51.614583333333336,,49.09375
2024-03-31 00:00:00+00:00,,,,,,,,,,
2024-04-01 00:00:00+00:00,,,,,,,,,,
2024-04-02 00:00:00+00:00,50.322916666666664,189.30729166666666,51.774297480620156,29.5034375,3.143333333333333,43.393750000000004,28.092708333333334,43.229166666666664,0.5260416666666666,103.35416666666667
2024-04-03 00:00:00+00:00,91.44791666666667,278.4583333333333,82.04614825581396,37.0015625,3.3690625,38.21458333333333,29.23645833333333,41.645833333333336,0.484375,79.47916666666667
2024-04-04 00:00:00+00:00,87.40104166666667,289.5625,75.490625,26.5671875,2.2548958333333333,31.079687500000002,30.172395833333336,39.578125,0.40729166666666666,57.442708333333336
2024-04-05 00:00:00+00:00,68.875,249.45833333333334,62.946875,24.801041666666666,0.6652083333333333,23.87291666666667,30.133333333333336,39.75,0.5125000000000001,103.94791666666667
2024-04-06 00:00:00+00:00,76.625,238.72916666666666,65.77007575757575,20.358522727272728,0.710530303030303,35.39153726708075,29.548437500000002,37.984375,0.47812499999999997,98.16145833333333
2024-04-07 00:00:00+00:00,79.50520833333333,258.7447916666667,86.34583333333335,8.69441798941799,0.9819791666666666,32.59375,29.24427083333333,37.333333333333336,0.440625,84.80729166666667
2024-04-08 00:00:00+00:00,106.20833333333333,304.53125,101.20217391304348,22.094010416666666,1.1407669082125604,29.938541666666666,29.900000000000002,37.244791666666664,0.40729166666666666,79.08854166666667
2024-04-09 00:00:00+00:00,133.05208333333334,359.6041666666667,95.42760416666665,29.5109375,2.681927083333333,49.877604166666664,29.971875,36.96875,0.3520833333333333,40.239583333333336
2024-04-10 00:00:00+00:00,106.91666666666667,334.65625,90.00520833333333,13.636979166666668,2.9803125,63.393750000000004,30.335416666666664,37.135416666666664,0.5020833333333333,32.322916666666664
2024-04-11 00:00:00+00:00,129.02604166666666,425.3385416666667,92.22708333333333,37.538585069444444,3.06203125,64.903125,30.409895833333334,39.026041666666664,0.6749999999999999,48.645833333333336
2024-04-12 00:00:00+00:00,148.61458333333334,390.5625,97.096875,36.27395833333333,3.017291666666667,66.24965277777778,30.944791666666664,38.416666666666664,0.49062500000000003,29.46875
2024-04-13 00:00:00+00:00,,,,,,,,,,
2024-04-14 00:00:00+00:00,,,,,,,,,,
2024-04-15 00:00:00+00:00,,,,,,,,,,
2024-04-16 00:00:00+00:00,,,,,,,,,,
2024-04-17 00:00:00+00:00,48.50231481481482,192.03125,63.16979166666667,24.2921875,0.7575000000000001,49.791666666666664,30.026041666666668,39.395833333333336,0.8427083333333334,129.79166666666666
2024-04-18 00:00:00+00:00,78.11676217765043,244.04105479942695,,21.167094414099807,1.3466216160756925,36.108677881745464,30.564189910159982,37.89090295188634,0.39824218749999996,104.51260110733047
2024-04-19 00:00:00+00:00,,,,,,,,,,
2024-04-20 00:00:00+00:00,,,,,,,,,,
2024-04-21 00:00:00+00:00,,,,,,,,,,
2024-04-22 00:00:00+00:00,,,,,,,,,,
2024-04-23 00:00:00+00:00,82.46875,280.7604166666667,90.51458333333333,18.83125,1.4194791666666668,44.15416666666667,30.577083333333334,41.833333333333336,0.8781249999999999,91.57291666666667
2024-04-24 00:00:00+00:00,72.45833333333333,239.98958333333334,91.45208333333333,23.315509259259258,1.6555208333333333,37.69583333333333,30.945833333333336,41.895833333333336,0.546875,100.5
2024-04-25 00:00:00+00:00,81.375,296.1979166666667,92.0890625,26.219965277777778,1.6460416666666668,37.733333333333334,31.925520833333334,37.119791666666664,0.5322916666666667,136.20833333333334
2024-04-26 00:00:00+00:00,106.59649122807018,256.07236842105266,91.99113805970148,31.56019736842105,1.5353145456925898,55.34521798900236,32.72796052631579,36.364035087719294,0.7263157894736842,65.7719298245614
2024-04-27 00:00:00+00:00,,,,,,,,,,
2024-04-28 00:00:00+00:00,,,,,,,,,,
2024-04-29 00:00:00+00:00,111.20937500000001,350.03125,78.09895833333333,34.77042824074074,1.1194791666666666,65.97864583333333,31.561979166666664,40.802083333333336,0.6317708333333333,61.609375
2024-04-30 00:00:00+00:00,68.61354166666666,252.015625,68.20156250000001,31.507986111111116,0.8947395833333333,47.340624999999996,30.853125000000002,38.1875,0.61875,114.015625
2024-05-01 00:00:00+00:00,75.08854166666667,270.1302083333333,58.606249999999996,30.04223602484472,0.6561458333333333,51.946875000000006,29.712500000000002,34.53125,1.0687499999999999,124.203125
2024-05-02 00:00:00+00:00,74.79166666666667,238.96875,70.66875,30.440719696969698,0.7096484375,61.177083333333336,30.507291666666664,36.791666666666664,0.634375,114.33333333333333
2024-05-03 00:00:00+00:00,120.39583333333333,333.6666666666667,89.91458333333333,30.923426870748298,1.2319270833333333,48.28020833333333,32.29322916666667,35.322916666666664,0.5708333333333334,131.96875
2024-05-04 00:00:00+00:00,146.328125,390.9270833333333,104.89166666666667,43.9213529856387,2.1662500000000002,50.653645833333336,33.07239583333333,36.645833333333336,0.42395833333333327,145.90104166666666
2024-05-05 00:00:00+00:00,161.9047619047619,446.28125,101.71875,30.963636363636365,3.4110937499999996,40.32083333333333,33.641666666666666,38.421875,0.39166666666666666,129.58333333333334
2024-05-06 00:00:00+00:00,123.8125,352.3958333333333,84.82968749999999,23.284517045454546,2.2308333333333334,46.09270833333333,34.006770833333334,38.932291666666664,0.471875,92.78125
2024-05-07 00:00:00+00:00,,537.6236888111888,86.43958333333335,37.96221590909091,2.693697916666667,86.55570419918246,33.723958333333336,43.442708333333336,0.9942708333333333,28.916666666666668
2024-05-08 00:00:00+00:00,93.6875,293.125,37.020833333333336,15.792437704248366,0.8210416666666666,28.479166666666668,32.251041666666666,53.53125,2.1802083333333333,44.239583333333336
2024-05-09 00:00:00+00:00,,,,,,,,,,
2024-05-10 00:00:00+00:00,,,,,,,,,,
2024-05-11 00:00:00+00:00,,226.53460207612457,71.37920168067228,28.24110644257703,0.9584873949579832,36.17058823529412,30.78319327731092,49.52100840336135,0.9334033613445378,76.6575630252101
2024-05-12 00:00:00+00:00,97.225,271.27884615384613,95.81064814814815,22.402407407407406,1.8259027777777779,26.844298245614038,32.189907407407404,47.1375,0.4728703703703704,65.30092592592592
2024-05-13 00:00:00+00:00,122.05803571428572,334.5580357142857,96.31294642857142,38.56948784722223,2.7120659722222222,75.95426215277777,33.45138888888889,41.98220486111111,0.4358940972222222,59.927517361111114
2024-05-14 00:00:00+00:00,115.34347826086957,351.420652173913,102.15148221343873,12.25163043478261,3.0096870882740445,51.51765480895916,33.200395256917,39.2104743083004,0.3829710144927536,59.73913043478261
2024-05-15 00:00:00+00:00,175.046875,419.1510416666667,109.70989583333333,36.43697916666667,3.067395833333333,79.24739583333333,33.678125,36.65625,0.540625,40.010416666666664
2024-05-16 00:00:00+00:00,167.9702797202797,336.84047202797206,86.36510416666665,40.15416666666667,2.7490625000000004,84.80364583333333,33.981770833333336,38.65625,0.6083333333333333,61.932291666666664
2024-05-17 00:00:00+00:00,197.54166666666666,405.0193236714976,105.58333333333333,23.529687499999998,4.901979166666666,48.13125,35.14270833333333,38.270833333333336,0.39999999999999997,88.65625
2024-05-18 00:00:00+00:00,,,,,,,,,,
2024-05-19 00:00:00+00:00,120.375,312.25,64.39479166666666,26.13072916666667,3.6242708333333336,52.96145833333333,36.21666666666667,34.864583333333336,0.6041666666666666,89.61458333333333
2024-05-20 00:00:00+00:00,123.13657407407408,351.8425925925926,72.29538690476191,,3.753764880952381,57.28950892857143,35.679761904761904,38.02827380952381,0.6186011904761904,65.56547619047619
2024-05-21 00:00:00+00:00,92.890625,311.5,50.510416666666664,38.12682291666667,2.7741666666666664,43.050000000000004,34.09166666666667,46.604166666666664,1.5093750000000001,36.947916666666664
2024-05-22 00:00:00+00:00,94.20833333333333,236.5,34.010416666666664,28.291666666666668,2.7531250000000003,29.920808531746033,34.053125,49.322916666666664,2.095833333333333,41.322916666666664
2024-05-23 00:00:00+00:00,63.16111111111111,170.83260869565217,26.96651701323251,7.291316162570888,2.6044352551984877,25.684569943289226,33.62963137996219,49.53260869565217,2.4564744801512286,44.34971644612476
2024-05-24 00:00:00+00:00,61.171875,177.3671875,27.2796875,16.2328125,2.79171875,41.5640625,35.1625,44.46875,1.584375,38.640625
2024-05-25 00:00:00+00:00,97.70833333333333,232.125,46.07083333333333,26.767187500000002,2.9530208333333334,28.864814814814817,35.253125,41.677083333333336,0.5302083333333333,62.322916666666664
2024-05-26 00:00:00+00:00,113.625,277.4583333333333,70.33437500000001,25.94739583333333,3.2005208333333335,57.58063840920983,35.559374999999996,36.479166666666664,0.5666666666666667,56.635416666666664
2024-05-27 00:00:00+00:00,137.36805555555557,403.3854166666667,84.81994047619047,26.31949404761905,3.238511904761905,47.53072024593763,37.209375,38.129464285714285,0.5614583333333333,62.23065476190476
2024-05-28 00:00:00+00:00,138.08333333333334,403.5,100.63437499999999,23.003645833333334,3.0490625,64.53095238095239,40.82083333333333,36.5625,0.6479166666666666,49.770833333333336
2024-05-29 00:00:00+00:00,123.765625,403.6902173913044,76.80208333333333,13.426562500000001,2.104791666666667,37.267105263157895,40.359375,37.9375,0.8572916666666667,61.5
2024-05-30 00:00:00+00:00,108.19270833333333,334.328125,75.22552083333333,21.347916666666666,1.7403125,25.256249999999998,40.856249999999996,36.260416666666664,0.6854166666666667,74.4375
2024-05-31 00:00:00+00:00,96.34895833333333,313.7916666666667,89.04583333333333,24.984895833333336,2.1304166666666666,29.850520833333334,40.61927083333333,37.479166666666664,0.7703125000000001,58.432291666666664
2024-06-01 00:00:00+00:00,118.15625,356.2135416666667,73.54375,11.401562499999999,2.3719791666666667,13.645312500000001,40.15208333333333,35.6875,0.9302083333333333,91.86458333333333
2024-06-02 00:00:00+00:00,,,,,,,,,,
2024-06-03 00:00:00+00:00,,,,,,,,,,
2024-06-04 00:00:00+00:00,111.20833333333333,335.0833333333333,76.184375,15.853125,4.074791666666667,19.761458333333334,38.62708333333333,43.09375,0.9479166666666666,55.833333333333336
2024-06-05 00:00:00+00:00,,433.1041666666667,62.25833333333333,22.076562499999998,4.179791666666667,,39.653124999999996,41.302083333333336,1.2166666666666666,91.16666666666667
2024-06-06 00:00:00+00:00,67.359375,231.78530092592595,77.25520833333333,16.300520833333334,3.77015625,98.95937500000001,37.022395833333334,47.03125,1.2223958333333333,68.61458333333333
2024-06-07 00:00:00+00:00,64.48958333333333,299.9130434782609,83.4609375,21.196354166666666,3.6997916666666666,100.25156249999999,39.119791666666664,38.447916666666664,0.7557291666666667,114.52604166666667
2024-06-08 00:00:00+00:00,68.5,328.4583333333333,63.91354166666667,17.785416666666666,3.7417708333333333,104.32187499999999,39.24583333333333,38.322916666666664,1.0208333333333333,123.98958333333333
2024-06-09 00:00:00+00:00,54.0,228.20833333333334,74.86666666666666,22.704166666666666,3.7786458333333335,111.36874999999999,39.43541666666667,35.21875,0.7937500000000001,126.97916666666667
2024-06-10 00:00:00+00:00,60.375,229.95833333333334,79.746875,21.665104166666666,3.9638541666666662,118.05416666666667,40.34791666666667,34.1875,0.6875,114.89583333333333
2024-06-11 00:00:00+00:00,89.8923611111111,324.48263888888886,86.0202380952381,21.99092261904762,4.8758333333333335,106.51636904761905,40.420833333333334,34.09375,0.5897321428571428,96.36607142857143
2024-06-12 00:00:00+00:00,81.32175925925925,331.0688657407407,74.81533333333333,10.6550625,5.36443094629156,104.32308333333333,40.65770833333333,34.818333333333335,0.591375,92.94020833333333
2024-06-13 00:00:00+00:00,69.7131605691057,307.2742420392954,,,,,,,,
2024-06-14 00:00:00+00:00,65.57103174603175,381.2593837535014,55.232085346215776,20.801834045584044,5.1038058961972,96.63068533004974,36.930519943019945,37.425213675213676,1.8304843304843306,114.12215099715098
2024-06-15 00:00:00+00:00,50.564930555555556,304.09972826086954,54.22216435185185,17.51730324074074,5.345461033950617,,40.4396412037037,35.70601851851852,1.4644675925925925,126.06597222222223
2024-06-16 00:00:00+00:00,,,55.98988950892857,19.59444456845238,4.774609226190476,91.79759226190477,38.266881324404764,38.772473958333336,0.7724021577380953,130.1739769345238
2024-06-17 00:00:00+00:00,,,,,,,,,,
2024-06-18 00:00:00+00:00,,,,,,,,,,
2024-06-19 00:00:00+00:00,75.00378787878788,408.2303921568627,62.916276803118905,23.051413255360625,2.5813888888888887,53.30818713450293,34.74775828460039,42.01169590643275,0.32582846003898636,112.38304093567251
2024-06-20 00:00:00+00:00,49.041666666666664,200.70833333333334,43.01770833333333,13.642708333333333,0.6955208333333333,95.53541666666666,34.813541666666666,50.708333333333336,0.3,51.1875
2024-06-21 00:00:00+00:00,73.66666666666667,244.29166666666666,43.92916666666667,14.398958333333333,1.0252083333333333,85.52916666666665,33.844791666666666,58.3125,0.3,45.322916666666664
2024-06-22 00:00:00+00:00,105.11979166666667,265.078125,47.9296875,16.530208333333334,1.9565104166666665,85.88020833333333,34.883854166666666,55.713541666666664,0.3,40.838541666666664
2024-06-23 00:00:00+00:00,64.74479166666667,155.82291666666666,39.0625,14.603125,1.1160416666666666,82.97812499999999,35.384375,55.270833333333336,0.3,33.270833333333336
2024-06-24 00:00:00+00:00,62.864583333333336,184.171875,45.29774305555555,17.102085561497326,0.6268489583333333,75.98700396825397,35.08645833333333,56.546875,0.3,37.078125
2024-06-25 00:00:00+00:00,70.6370932518017,157.75780738152434,53.255983839266214,,0.23728988062940856,75.99373096998696,35.48031775496833,56.825207468879675,0.3,38.92031557108539
2024-06-26 00:00:00+00:00,,,,,,,,,,
2024-06-27 00:00:00+00:00,,,,,,,,,,
2024-06-28 00:00:00+00:00,,,,,,,,,,
2024-06-29 00:00:00+00:00,,,,,,,,,,
2024-06-30 00:00:00+00:00,,,,,,,,,,
2024-07-01 00:00:00+00:00,,,,,,,,,,
2024-07-02 00:00:00+00:00,55.54119318181818,214.9346590909091,11.286647727272728,,0.7854474431818183,87.70163352272726,34.85028409090909,63.23721590909091,0.3,75.57102272727273
2024-07-03 00:00:00+00:00,44.091131064902335,123.49206741326307,6.146519426456984,,0.41079603580562657,73.6756359851989,32.08285152636448,76.53018038852915,0.3,38.22987974098057
2024-07-04 00:00:00+00:00,,,,,,,,,,
2024-07-05 00:00:00+00:00,,,,,,,,,,
2024-07-06 00:00:00+00:00,32.046497584541065,98.41666666666667,8.033407738095237,9.660937500000001,2.3914062499999997,29.806250000000002,32.24270833333333,75.63541666666667,0.3,39.989583333333336
2024-07-07 00:00:00+00:00,20.047619047619047,78.02604166666667,6.821614583333333,5.409375,0.5318229166666667,31.14453125,32.38880208333333,69.23697916666667,0.3,39.096354166666664
2024-07-08 00:00:00+00:00,31.775362318840582,103.13541666666667,7.404166666666666,9.820833333333335,0.5630208333333333,31.491666666666664,31.070833333333336,76.14583333333333,0.3,44.427083333333336
2024-07-09 00:00:00+00:00,54.958333333333336,126.0625,11.184895833333334,17.483333333333334,0.8857291666666667,45.223437499999996,32.248958333333334,76.75,0.3,38.807291666666664
2024-07-10 00:00:00+00:00,70.83333333333333,174.0,12.3203125,17.315625,0.8113541666666667,96.74322916666667,33.46666666666667,71.8125,0.3,46.708333333333336
2024-07-11 00:00:00+00:00,71.875,216.83333333333334,13.541666666666666,18.079166666666666,1.1466666666666667,100.72604166666667,35.43020833333333,65.04166666666667,0.3,52.291666666666664
2024-07-12 00:00:00+00:00,37.333333333333336,210.75,33.036197916666666,17.39140625,0.84375,78.62786458333333,34.18515625,59.171875,0.3,87.80989583333333
2024-07-13 00:00:00+00:00,59.145833333333336,187.45833333333334,51.98333333333333,17.488541666666666,0.8873958333333333,32.793749999999996,33.255208333333336,68.04166666666667,0.3,45.572916666666664
2024-07-14 00:00:00+00:00,59.203125,166.58333333333334,43.50729166666667,17.067708333333332,0.7040625,29.666666666666668,34.920833333333334,61.239583333333336,0.3,41.489583333333336
2024-07-15 00:00:00+00:00,57.166666666666664,160.08333333333334,41.697916666666664,16.932291666666668,0.6433333333333333,28.776041666666668,34.016666666666666,66.11458333333333,0.3,39.75
2024-07-16 00:00:00+00:00,54.270833333333336,143.33333333333334,34.41197916666667,16.602083333333333,0.4996875,58.83697916666667,35.16458333333333,63.895833333333336,0.3,37.427083333333336
2024-07-17 00:00:00+00:00,47.354166666666664,141.29166666666666,34.803125,15.967536231884058,,47.197916666666664,34.645833333333336,65.625,0.3,41.572916666666664
2024-07-18 00:00:00+00:00,57.416666666666664,150.41666666666666,49.540625000000006,18.402083333333334,1.2876041666666667,48.487500000000004,33.46145833333333,71.71875,0.3,38.302083333333336
2024-07-19 00:00:00+00:00,88.59895833333333,200.79166666666666,40.046875,18.115624999999998,1.1591666666666667,69.7109375,33.603125,72.61458333333333,0.3,33.625
2024-07-20 00:00:00+00:00,57.27005776636714,134.890625,12.092708333333334,17.203719397363464,0.8178125,76.14166666666667,34.705729166666664,65.390625,0.3,35.8125
2024-07-21 00:00:00+00:00,,127.70833333333333,11.137760416666666,17.37549019607843,0.79140625,58.95494791666667,34.41848958333333,67.1328125,0.3,37.395833333333336
2024-07-22 00:00:00+00:00,41.39432367149759,132.32291666666666,11.177083333333334,15.303645833333334,1.3006770833333332,82.1125,33.49375,71.61458333333333,0.30104166666666665,36.895833333333336
2024-07-23 00:00:00+00:00,50.125,143.04166666666666,11.123958333333334,13.489583333333334,1.43,87.8671875,33.584375,72.47916666666667,0.3,31.770833333333332
2024-07-24 00:00:00+00:00,68.0,162.46579743008314,16.109895833333333,14.235416666666666,1.7542708333333332,68.6113134057971,33.739583333333336,70.98958333333333,0.3,52.5625
2024-07-25 00:00:00+00:00,41.15972222222222,75.859375,24.308854166666666,12.063385093167703,1.9006770833333333,,33.731249999999996,70.86458333333333,0.3,34.541666666666664
2024-07-26 00:00:00+00:00,66.34601449275362,110.35416666666667,58.75885416666667,13.204166666666666,1.3073958333333333,103.59583333333335,33.60729166666667,70.85416666666667,0.3,48.333333333333336
2024-07-27 00:00:00+00:00,47.458333333333336,81.39583333333333,53.79114583333333,14.933333333333332,2.061875,102.53750000000001,34.177083333333336,69.03125,0.3,41.104166666666664
2024-07-28 00:00:00+00:00,37.227053140096615,69.45833333333333,34.52552083333333,13.678125,1.515,103.40208333333334,35.219791666666666,63.052083333333336,0.3,38.53125
2024-07-29 00:00:00+00:00,37.541666666666664,64.3125,31.757291666666664,13.338541666666666,1.3628125000000002,102.33541666666667,35.25208333333333,61.692708333333336,0.3,35.765625
2024-07-30 00:00:00+00:00,44.916666666666664,74.35416666666667,35.905208333333334,14.15,1.7183333333333335,89.36354166666666,35.38854166666667,65.21875,0.3,45.052083333333336
2024-07-31 00:00:00+00:00,50.041666666666664,102.85416666666667,54.49021990740741,14.44607843137255,1.7579166666666666,95.3546875,35.33689236111111,66.97427398989899,0.3,84.4776672979798
2024-08-01 00:00:00+00:00,,,34.66442307692308,,1.437510683760684,110.4775373931624,,,,
2024-08-02 00:00:00+00:00,,,,,,,,,,
2024-08-03 00:00:00+00:00,34.015625,106.1015625,25.369753086419752,24.13912037037037,1.4696913580246913,90.2265625,33.95756172839506,66.41589506172839,0.3,40.476851851851855
2024-08-04 00:00:00+00:00,31.171875,105.49479166666667,24.2859375,40.76770833333333,1.3510416666666665,62.8375,33.32604166666667,66.640625,0.3,40.1875
2024-08-05 00:00:00+00:00,32.125,82.375,21.211458333333333,27.425520833333334,1.2802083333333334,62.71458333333334,32.75833333333333,70.85416666666667,0.3,42.6875
2024-08-06 00:00:00+00:00,43.045138888888886,139.16666666666666,27.588541666666668,27.190104166666668,0.8295833333333333,61.8765625,33.456250000000004,68.16666666666667,0.3,57.916666666666664
2024-08-07 00:00:00+00:00,38.71875,99.05208333333333,28.964583333333334,24.87708333333333,0.3720833333333333,61.403124999999996,31.790104166666666,77.39583333333333,0.3,51.552083333333336
2024-08-08 00:00:00+00:00,32.083333333333336,61.708333333333336,25.60729166666667,26.925520833333334,0.3464583333333333,62.057291666666664,32.098958333333336,77.625,0.3,33.5625
2024-08-09 00:00:00+00:00,39.26909722222222,73.58333333333333,27.73229166666667,27.423437500000002,0.5192708333333333,61.40208333333334,31.977083333333336,80.20833333333333,0.3,37.854166666666664
2024-08-10 00:00:00+00:00,50.125,90.79166666666667,29.329166666666666,27.766666666666666,0.7317708333333334,61.487500000000004,32.00208333333333,81.26041666666667,0.3,116.38541666666667
2024-08-11 00:00:00+00:00,44.27717391304348,73.93719806763285,30.713541666666668,23.704687500000002,1.3882812500000001,60.240625,31.5734375,83.34895833333333,0.3,183.68229166666666
2024-08-12 00:00:00+00:00,45.46875,84.16666666666667,48.708333333333336,26.211979166666666,0.44427083333333334,59.23489583333333,31.636979166666666,82.53645833333333,0.3,346.9427083333333
2024-08-13 00:00:00+00:00,44.58635265700483,85.44270833333333,98.25115327380952,23.753249007936507,,64.51267361111111,32.24270833333333,79.23958333333333,0.3,348.5625
2024-08-14 00:00:00+00:00,49.541666666666664,126.08333333333333,63.02838541666667,6.20625,0.84,76.86822916666667,33.198437500000004,74.77083333333333,0.3,351.765625
2024-08-15 00:00:00+00:00,39.0625,108.6875,60.4140625,3.8190162907268173,4.005520833333333,80.815625,33.13645833333333,74.9375,0.3,357.75
2024-08-16 00:00:00+00:00,36.789855072463766,123.89583333333333,94.6040625,2.429264214046823,4.023802083333334,79.2921875,33.567187499999996,71.22395833333333,0.3,358.90625
2024-08-17 00:00:00+00:00,54.369565217391305,236.625,78.5903125,5.888541666666666,1.02703125,85.26510416666666,33.653124999999996,70.33333333333333,0.3,359.0
2024-08-18 00:00:00+00:00,49.541666666666664,199.29166666666666,110.5859375,4.3374999999999995,1.0363541666666667,91.16822916666666,33.25833333333333,75.1875,0.3,359.0
2024-08-19 00:00:00+00:00,44.959201388888886,146.84895833333334,69.43854166666667,5.39392149390244,1.2189583333333334,93.04583333333333,33.604687500000004,72.47395833333333,0.3,358.9791666666667
2024-08-20 00:00:00+00:00,38.61352657004831,131.34541062801932,74.89635416666667,1.9886709197235515,1.0153125,86.8484375,32.0015625,77.84375,0.3,359.0
2024-08-21 00:00:00+00:00,46.21571180555555,154.55208333333334,67.52239583333333,2.4614583333333333,0.8635416666666668,85.01458333333333,33.63854166666667,68.88020833333333,0.3,358.9791666666667
2024-08-22 00:00:00+00:00,49.380208333333336,267.0885416666667,85.74114583333333,1.553923611111111,0.5253645833333334,70.85104166666666,33.915625,67.85416666666667,0.30104166666666665,340.5
2024-08-23 00:00:00+00:00,54.479166666666664,176.91666666666666,88.79270833333334,5.567934149184149,0.960354020979021,71.35625,31.964583333333334,78.953125,0.3,217.40625
2024-08-24 00:00:00+00:00,66.47916666666667,175.46354166666666,80.06354166666667,2.8888377926421405,1.2989583333333334,72.96875,33.994791666666664,77.23958333333333,0.6130208333333333,32.229166666666664
2024-08-25 00:00:00+00:00,43.92693236714976,117.63541666666667,84.95364583333334,5.1015625,0.9805208333333333,69.12291666666667,33.827083333333334,70.58854166666667,2.8234375000000003,88.40625
2024-08-26 00:00:00+00:00,42.27536231884058,107.25,41.329166666666666,2.2437879433723427,0.9966666666666666,70.98229166666667,33.401041666666664,71.86458333333333,2.7864583333333335,96.14583333333333
2024-08-27 00:00:00+00:00,29.541062801932366,79.22916666666667,85.1640625,,0.906875,66.89114583333334,33.228125,70.98958333333333,2.9203125,105.52604166666667
2024-08-28 00:00:00+00:00,33.07073844030366,84.87741545893721,60.792187500000004,3.6867424242424245,0.5191666666666667,57.88229166666667,32.765625,73.6875,2.021875,104.83854166666667
2024-08-29 00:00:00+00:00,40.47569444444444,89.875,68.26875,2.0774621212121214,,55.1875,31.59166666666667,81.60416666666667,1.6182291666666666,101.47916666666667
2024-08-30 00:00:00+00:00,63.157986111111114,221.60416666666666,84.153125,,0.7055580357142857,64.12286764705881,33.984375,71.25520833333333,0.9359375000000001,159.93229166666666
2024-08-31 00:00:00+00:00,54.33465608465609,264.6858465608465,61.27135416666667,6.938157894736841,0.9752445652173912,,34.802083333333336,68.23958333333333,0.7927083333333332,122.453125
2024-09-01 00:00:00+00:00,55.99388111888111,327.1993006993007,65.40520833333333,17.170350241545894,0.7994270833333333,64.528125,35.385416666666664,66.91145833333333,1.0036458333333333,113.33854166666667
2024-09-02 00:00:00+00:00,45.1322463768116,114.08333333333333,52.00989583333333,14.855208333333332,0.6955468749999999,61.721875000000004,34.255208333333336,71.36458333333333,2.46875,121.68229166666667
2024-09-03 00:00:00+00:00,41.57787698412698,135.2391304347826,49.700520833333336,14.906770833333333,0.8294791666666667,58.85446428571428,34.920833333333334,69.32291666666667,2.0203124999999997,120.92708333333333
2024-09-04 00:00:00+00:00,31.203125,115.35416666666667,70.71718750000001,1.7850241545893721,1.3661458333333334,35.56197916666667,32.31979166666667,82.484375,1.0354166666666667,146.23958333333334
2024-09-05 00:00:00+00:00,58.911458333333336,139.51041666666666,104.92135416666667,2.085625,2.2546874999999997,35.34739583333333,33.137499999999996,77.64583333333333,0.7453124999999999,144.44791666666666
2024-09-06 00:00:00+00:00,49.897181522181526,100.6086956521739,70.79843749999999,3.5094907407407407,1.7393229166666666,,32.657291666666666,82.078125,1.6968750000000001,128.52083333333334
2024-09-07 00:00:00+00:00,43.083333333333336,107.69565217391305,76.03697916666667,7.4437500000000005,1.3288541666666667,16.70941840277778,32.89010416666667,80.58333333333333,1.3166666666666667,92.31770833333333
2024-09-08 00:00:00+00:00,72.8125,224.70833333333334,87.68020833333333,8.047395833333333,1.7249999999999999,18.311979166666667,33.145312499999996,82.10416666666667,0.7567708333333334,78.625
2024-09-09 00:00:00+00:00,79.74479166666667,229.38541666666666,95.590625,11.713020833333333,1.6293749999999998,18.354166666666668,34.00625,78.86458333333333,0.734375,114.6875
2024-09-10 00:00:00+00:00,,,,,,,,,,
2024-09-11 00:00:00+00:00,,,,,,,,,,
2024-09-12 00:00:00+00:00,,,,,,,,,,
2024-09-13 00:00:00+00:00,,,,,,,,,,
2024-09-14 00:00:00+00:00,,,,,,,,,,
2024-09-15 00:00:00+00:00,93.53571428571429,239.0839160839161,48.390625,7.379166666666666,1.8805208333333334,67.48177083333333,32.764583333333334,71.73958333333333,0.8197916666666667,228.15625
2024-09-16 00:00:00+00:00,170.5625,439.8697916666667,50.65256916996047,7.4328125,1.7910813492063493,,33.25503472222223,68.52719907407408,0.8549189814814815,241.92708333333334
2024-09-17 00:00:00+00:00,140.00803402646503,357.0422967863894,52.17829861111111,7.4579050925925925,1.0649578373015873,,33.072632575757574,72.52438446969697,0.791998106060606,202.47395833333334
2024-09-18 00:00:00+00:00,,,,,,,,,,
2024-09-19 00:00:00+00:00,51.635416666666664,93.10416666666667,51.89479166666666,7.630208333333333,1.8215625,48.58020833333333,31.194270833333334,80.52604166666667,1.6932291666666668,245.671875
2024-09-20 00:00:00+00:00,81.80208333333333,219.86979166666666,62.47083333333333,7.698958333333334,2.0208333333333335,47.58645833333333,33.04635416666667,70.234375,1.1348958333333334,207.32291666666666
2024-09-21 00:00:00+00:00,173.96354166666666,252.4601706970128,73.8890625,7.636979166666666,1.9715625,48.072916666666664,33.87916666666667,67.41666666666667,0.8270833333333334,97.92708333333333
2024-09-22 00:00:00+00:00,246.07807545973364,,63.28955641348881,7.479810116608887,2.3973849669082887,48.814561403508776,34.63944610778443,67.70847778127954,0.5982311692404664,61.63922155688623
2024-09-23 00:00:00+00:00,,,,,,,,,,
2024-09-24 00:00:00+00:00,,,,,,,,,,
2024-09-25 00:00:00+00:00,160.8125,256.05,47.63619791666667,8.203691520467837,1.054765625,,34.155208333333334,68.96875,1.8531250000000001,154.42708333333334
2024-09-26 00:00:00+00:00,32.74033816425121,100.11458333333333,32.256770833333334,15.608854166666667,1.1790104166666666,,33.434374999999996,70.828125,2.138541666666667,188.6875
2024-09-27 00:00:00+00:00,25.212505087505086,93.4375,28.265104166666664,12.571354166666666,0.9134375,,33.137499999999996,67.48958333333333,2.6947916666666667,112.96875
2024-09-28 00:00:00+00:00,70.28079710144928,90.76624959376015,37.5375,12.884895833333333,0.7870312500000001,,32.3390625,69.875,2.1901041666666665,121.75
2024-09-29 00:00:00+00:00,,,29.422916666666666,12.858333333333334,0.7685416666666667,,32.873958333333334,69.96875,1.5166666666666666,248.69791666666666
2024-09-30 00:00:00+00:00,,,43.651041666666664,17.790711805555556,1.1540625,,33.66354166666667,68.27083333333333,0.7843749999999999,144.0625
2024-10-01 00:00:00+00:00,91.44270833333333,415.4050925925926,55.5234375,16.347838345864663,1.0380729166666667,65.08645833333334,34.0921875,66.28125,0.8333333333333334,97.64583333333333
2024-10-02 00:00:00+00:00,104.85416666666667,454.63655321988654,58.559895833333336,89.23385416666667,1.5287499999999998,63.73645833333333,34.669270833333336,61.984375,0.7374999999999999,125.875
2024-10-03 00:00:00+00:00,100.34895833333333,464.13684640522877,61.82395833333333,26.111979166666668,1.4166666666666667,73.54166666666667,34.34791666666667,57.869791666666664,0.7203125,116.6875
2024-10-04 00:00:00+00:00,105.0,466.6289491758242,55.526562500000004,32.76927083333334,1.50015625,85.56159420289855,34.20729166666667,61.338541666666664,0.7140624999999999,170.46875
2024-10-05 00:00:00+00:00,99.66666666666667,424.8095238095238,57.13489583333333,14.487499999999999,1.8733333333333333,90.32708333333333,34.36354166666667,60.53125,0.81875,170.72395833333334
2024-10-06 00:00:00+00:00,65.58333333333333,452.6025641025641,49.22552083333333,45.9425925925926,2.20765625,78.40781249999999,34.25572916666667,57.583333333333336,1.0223958333333334,171.0625
2024-10-07 00:00:00+00:00,67.03125,386.4791666666667,55.89479166666666,13.720998023715413,1.8153645833333334,86.57395833333334,33.78541666666667,57.40625,0.7312500000000001,196.17708333333334
2024-10-08 00:00:00+00:00,127.875,454.3840579710145,73.49791666666667,11.192708333333334,2.023177083333333,88.06041666666665,33.75572916666667,56.276041666666664,0.75,215.29166666666666
2024-10-09 00:00:00+00:00,75.69236883942766,380.1760731319555,64.3733505564388,,1.796591812400636,79.5545060331825,34.22398648648648,52.86367249602544,0.8511923688394277,176.78358505564387
2024-10-10 00:00:00+00:00,71.05803571428571,370.9600694444444,70.2859375,18.802445652173912,1.6892708333333333,66.159375,33.221354166666664,53.734375,0.8718750000000001,180.828125
2024-10-11 00:00:00+00:00,79.08333333333333,405.4791666666667,87.15208333333334,15.053125,1.7407291666666669,54.73854166666666,32.590624999999996,54.6875,0.7979166666666666,165.8125
2024-10-12 00:00:00+00:00,112.953125,447.1216666666666,80.6484375,10.018229166666666,2.2282291666666665,66.4375,32.369791666666664,55.145833333333336,0.6416666666666667,198.17708333333334
2024-10-13 00:00:00+00:00,182.04987212276217,,81.35885416666666,17.125,3.201875,58.09166666666667,32.45520833333333,52.3125,0.5885416666666666,230.26041666666666
2024-10-14 00:00:00+00:00,201.4318181818182,,94.78281249999999,12.641145833333333,2.8271875000000004,,32.237500000000004,51.802083333333336,0.5635416666666667,232.36458333333334
2024-10-15 00:00:00+00:00,141.203125,572.500398724083,94.03177083333333,12.072916666666666,2.5586979166666666,,32.0609375,52.229166666666664,0.6796875,198.765625
2024-10-16 00:00:00+00:00,148.86834733893556,,113.88125000000001,19.408333333333335,2.7538541666666667,,32.22604166666667,53.239583333333336,0.6041666666666666,167.73958333333334
2024-10-17 00:00:00+00:00,,,90.28958333333333,27.159895833333334,3.211145833333333,,32.51979166666667,54.71875,0.6437499999999999,246.38541666666666
2024-10-18 00:00:00+00:00,210.4034090909091,,82.925,17.537499999999998,3.6945312500000003,42.23880208333333,32.7984375,54.828125,0.5625,227.9375
2024-10-19 00:00:00+00:00,204.1268823768824,,89.72291666666666,20.20474308300395,2.9760416666666667,27.592187499999998,33.104687500000004,54.927083333333336,0.6322916666666667,233.640625
2024-10-20 00:00:00+00:00,203.79166666666666,503.1078431372549,79.08645833333334,17.046875,2.9902083333333334,45.75729166666667,32.78333333333333,59.864583333333336,0.946875,247.77083333333334
2024-10-21 00:00:00+00:00,186.30208333333334,404.1979166666667,87.1171875,22.575260416666666,2.296875,94.515625,32.407291666666666,61.651041666666664,1.209375,247.05208333333334
2024-10-22 00:00:00+00:00,211.93424803991448,534.6025641025641,99.69375000000001,13.073958333333332,2.6352083333333334,26.431250000000002,31.162499999999998,62.489583333333336,0.5875,219.32291666666666
2024-10-23 00:00:00+00:00,,561.7272727272727,108.05729166666667,12.822916666666666,2.5704166666666666,11.530729166666667,30.340625,59.385416666666664,0.78125,129.25
2024-10-24 00:00:00+00:00,166.05208333333334,413.90909090909093,119.61770833333334,15.605729166666668,2.275729166666667,13.215625000000001,30.418229166666666,55.848958333333336,0.7973958333333333,95.09375
2024-10-25 00:00:00+00:00,155.4375,451.875,134.07708333333332,15.519270833333332,2.231666666666667,11.4140625,30.167708333333334,52.885416666666664,0.8250000000000001,124.52083333333333
2024-10-26 00:00:00+00:00,229.33333333333334,457.85238095238094,157.17552083333334,17.970312500000002,2.8825520833333336,22.726041666666664,29.51770833333333,56.270833333333336,0.8083333333333332,165.19791666666666
2024-10-27 00:00:00+00:00,223.234375,417.0625,131.48020833333334,14.307812499999999,3.032083333333333,27.365624999999998,29.99791666666667,63.010416666666664,0.9072916666666666,247.78125
2024-10-28 00:00:00+00:00,165.66550925925927,339.7280092592593,99.094375,13.043668981481481,2.2412800925925924,8.788645833333334,30.394791666666666,60.02395833333333,1.0807291666666667,242.72708333333333
2024-10-29 00:00:00+00:00,161.5,412.0625,69.86041666666667,8.047916666666667,2.451875,11.731770833333334,30.665104166666666,60.453125,0.8385416666666666,234.5
2024-10-30 00:00:00+00:00,225.25,536.3541666666666,83.140625,14.9078125,2.9606770833333336,50.85729166666667,30.854166666666668,58.614583333333336,0.6614583333333334,166.4375
2024-10-31 00:00:00+00:00,227.92279411764707,474.1397058823529,72.46458333333334,8.709895833333333,2.591875,13.758333333333333,30.461458333333336,56.916666666666664,0.7572916666666667,120.71875
2024-11-01 00:00:00+00:00,240.8154761904762,451.48729582577135,68.93124999999999,16.346875,2.7794791666666665,11.619791666666666,29.493229166666666,50.578125,0.821875,209.05208333333334
2024-11-02 00:00:00+00:00,266.78452797202794,515.025,83.64375,,2.7811458333333334,29.782812500000002,28.953125,52.9375,0.5010416666666667,234.14583333333334
2024-11-03 00:00:00+00:00,316.9166666666667,563.0613275613275,90.89999999999999,11.8203125,3.255104166666667,95.15364583333333,28.516666666666666,56.5,0.5125000000000001,245.125
2024-11-04 00:00:00+00:00,323.93176328502415,587.1222222222223,103.1125,13.681948860625331,3.8784375,16.325,28.278125,61.104166666666664,0.5499999999999999,239.71875
2024-11-05 00:00:00+00:00,273.1434331797235,486.50904977375563,91.16356764928193,14.563888888888888,3.7638284202569916,67.47789115646258,28.64795918367347,60.71560846560847,0.9164965986394558,246.35374149659864
2024-11-06 00:00:00+00:00,,,,,,,,,,
2024-11-07 00:00:00+00:00,298.8333333333333,545.2222222222223,82.375,14.293750000000001,3.46234375,45.721875000000004,28.3,64.96875,0.6958333333333333,241.13541666666666
2024-11-08 00:00:00+00:00,264.5416666666667,473.6041666666667,73.13541666666667,12.384013605442176,2.821354166666667,12.716666666666667,28.3984375,66.546875,0.8697916666666666,240.89583333333334
2024-11-09 00:00:00+00:00,207.546875,366.296875,73.87604166666667,12.711979166666666,2.1449479166666667,12.104687499999999,29.0515625,62.041666666666664,1.4104166666666667,241.75
2024-11-10 00:00:00+00:00,207.875,371.2916666666667,78.67604166666666,16.1390625,2.2110416666666666,44.08182367149759,28.672916666666666,63.583333333333336,1.1791666666666667,245.29166666666666
2024-11-11 00:00:00+00:00,248.10416666666666,444.2167832167832,91.78333333333335,14.571875,2.876875,103.05681818181819,28.243750000000002,65.07291666666667,0.7770833333333332,183.70833333333334
2024-11-12 00:00:00+00:00,243.75,484.2916666666667,90.00416666666666,10.477083333333333,2.830416666666667,20.667708333333334,28.613541666666666,59.0625,0.6875,146.20833333333334
2024-11-13 00:00:00+00:00,396.86942959001783,620.6522988505747,87.88437499999999,12.154166666666667,3.4658333333333338,11.581770833333332,26.492708333333336,73.44791666666667,0.7416666666666667,200.10416666666666
2024-11-14 00:00:00+00:00,325.8958333333333,544.9375,90.7375,14.571354166666666,3.708229166666667,22.941145833333334,26.071875000000002,69.86458333333333,0.8572916666666667,247.04166666666666
2024-11-15 00:00:00+00:00,362.5856643356643,560.284965034965,96.02604166666667,10.177083333333334,3.162395833333333,11.495833333333332,26.89270833333333,63.395833333333336,0.5968749999999999,219.98958333333334
2024-11-16 00:00:00+00:00,363.67337164750955,605.7508451656524,105.8,17.123437499999998,3.5503125,13.142708333333333,26.797395833333336,62.765625,0.5114583333333333,122.3125
2024-11-17 00:00:00+00:00,426.57851473922904,647.3195187165776,101.73020833333334,7.06712962962963,3.5415625,12.586458333333333,26.070833333333336,65.58333333333333,0.69375,200.64583333333334
2024-11-18 00:00:00+00:00,,,96.33854166666667,17.514930555555555,3.6034375,12.644791666666668,24.380208333333332,74.44791666666667,0.6510416666666666,227.875
2024-11-19 00:00:00+00:00,318.86805555555554,519.2777777777778,112.09375,15.211458333333333,3.518333333333333,10.552083333333334,24.45,68.39583333333333,0.5499999999999999,237.625
2024-11-20 00:00:00+00:00,300.2083333333333,547.3333333333334,112.71458333333334,10.683854166666668,3.39125,14.910416666666668,24.489583333333332,62.53125,0.5656249999999999,232.91666666666666
2024-11-21 00:00:00+00:00,240.99479166666666,490.78125,116.21562499999999,9.639267676767675,4.479739583333333,15.606770833333334,24.546875,62.854166666666664,0.5656249999999999,141.86458333333334
2024-11-22 00:00:00+00:00,338.0416666666667,601.4567307692308,129.74687500000002,6.404375,4.3640625,13.295833333333334,24.817708333333332,62.59375,0.5114583333333333,65.94791666666667
2024-11-23 00:00:00+00:00,320.9583333333333,516.8320105820106,125.82708333333333,15.794318181818182,5.314947916666667,18.09375,25.148958333333336,64.47395833333333,0.5635416666666667,133.0
2024-11-24 00:00:00+00:00,193.58333333333334,414.5833333333333,46.04114583333333,,3.87625,12.280208333333334,25.60625,58.708333333333336,0.5802083333333333,212.57291666666666
2024-11-25 00:00:00+00:00,291.75,525.7239583333334,33.616639610389605,14.771428571428572,3.2344270833333333,7.005026223776224,25.146874999999998,64.1875,0.609375,146.5
2024-11-26 00:00:00+00:00,166.21990740740742,392.52107699805066,,,2.785955687830688,8.465307365636313,27.525029587858533,55.38074352548037,0.6223771233639654,125.31481481481481
2024-11-27 00:00:00+00:00,159.58823529411765,400.3993808049536,125.94746517027863,17.200320512820515,3.031470588235294,12.119872291021672,26.36141640866873,53.91292569659442,0.6180727554179566,177.41176470588235
2024-11-28 00:00:00+00:00,239.16666666666666,481.9791666666667,178.25833333333333,20.852083333333333,3.6453124999999997,9.986458333333333,24.816145833333334,61.614583333333336,0.5588541666666667,244.22916666666666
2024-11-29 00:00:00+00:00,258.8333333333333,495.8541666666667,210.0541304347826,21.708333333333332,3.794583333333333,22.904687499999998,24.735937500000002,61.71875,0.5083333333333334,242.45833333333334
2024-11-30 00:00:00+00:00,248.70833333333334,502.9583333333333,259.88750000000005,29.395454545454548,5.1375,7.080729166666667,24.8515625,63.572916666666664,0.5265624999999999,248.70833333333334
2024-12-01 00:00:00+00:00,164.55208333333334,352.2239583333333,168.21406249999998,15.391145833333333,2.689739583333333,8.163541666666667,25.3875,63.104166666666664,0.5713541666666667,239.76041666666666
2024-12-02 00:00:00+00:00,152.04166666666666,345.4583333333333,186.4878472222222,17.071875000000002,2.9840625000000003,7.026041666666667,25.604166666666668,63.625,0.5552083333333333,165.9375
2024-12-03 00:00:00+00:00,148.83333333333334,344.90625,172.0192708333333,15.552083333333334,2.719583333333333,5.7953125000000005,26.378645833333334,63.1875,0.6447916666666667,152.44791666666666
2024-12-04 00:00:00+00:00,68.40165631469979,206.15217391304347,95.02837301587302,6.44186507936508,1.1254464285714285,10.110119047619047,26.332043650793654,50.973214285714285,0.9969246031746033,195.83333333333334
2024-12-05 00:00:00+00:00,93.22826086956522,254.71195652173913,151.61521739130436,8.960869565217392,1.5668478260869565,9.729891304347825,24.57554347826087,49.141304347826086,0.866304347826087,207.30978260869566
2024-12-06 00:00:00+00:00,117.484375,316.7760416666667,199.5311141304348,13.875,2.426458333333333,8.955208333333333,23.859895833333336,53.625,0.7354166666666666,202.58333333333334
2024-12-07 00:00:00+00:00,169.625,384.6672240802676,238.3134963768116,21.817708333333332,3.8140625,10.966666666666667,23.315625,55.90625,0.5916666666666667,201.40625
2024-12-08 00:00:00+00:00,229.91666666666666,415.0869565217391,168.54891304347825,20.645833333333332,3.610208333333333,31.688541666666666,23.535416666666666,56.71875,1.5229166666666665,249.3125
2024-12-09 00:00:00+00:00,86.93478260869566,173.60978260869564,105.58739130434783,13.04008152173913,2.2795027173913045,17.08024456521739,23.000516304347826,64.14972826086957,0.9849184782608695,221.8875
2024-12-10 00:00:00+00:00,107.22916666666667,230.25,124.14270833333335,7.886458333333334,1.3792708333333332,9.452083333333333,22.90833333333333,54.270833333333336,0.8552083333333332,187.08333333333334
2024-12-11 00:00:00+00:00,106.75,256.0833333333333,141.2434210526316,8.379398148148148,1.41078125,11.090625000000001,22.551041666666666,46.895833333333336,0.8302083333333333,225.67708333333334
2024-12-12 00:00:00+00:00,162.0,331.3333333333333,267.9463068181818,6.634288194444444,1.1600303819444444,9.688541666666667,22.147916666666664,52.90625,0.671875,235.73958333333334
2024-12-13 00:00:00+00:00,118.45833333333333,250.95833333333334,223.69375,6.434375,1.1236458333333335,13.938541666666666,13.264583333333334,50.4375,1.1937499999999999,224.09375
2024-12-14 00:00:00+00:00,114.58333333333333,269.5833333333333,149.71808035714284,13.804166666666667,1.6488541666666665,11.253124999999999,13.004166666666668,50.020833333333336,0.8604166666666666,230.6875
2024-12-15 00:00:00+00:00,205.75,401.9096989966555,47.71770833333333,12.193229166666667,2.1242708333333336,8.855208333333334,12.697916666666666,54.875,0.5343749999999999,206.125
2024-12-16 00:00:00+00:00,386.734375,592.8301767676768,67.8328125,15.021354166666667,4.0925,9.700000000000001,12.296875,66.66666666666667,0.47031249999999997,229.08333333333334
2024-12-17 00:00:00+00:00,437.0883297988561,600.086433531746,114.07940731848296,,5.529419545596016,12.316208705704504,12.80472744653417,70.51946334089192,0.6866491040860788,173.9814814814815
2024-12-18 00:00:00+00:00,438.5572916666667,608.8858695652174,154.7664772727273,,3.428125,6.783854166666667,13.876041666666666,73.51041666666667,0.48541666666666666,38.875
2024-12-19 00:00:00+00:00,397.35714285714283,555.2539215686274,216.0016996891997,11.570107962213225,3.919166666666667,18.211458333333333,13.793750000000001,71.67708333333333,0.9156249999999999,165.66666666666666
2024-12-20 00:00:00+00:00,331.890625,489.5677083333333,131.14270833333333,14.48939909297052,1.45125,40.63333333333333,14.629166666666668,68.66666666666667,0.5343749999999999,249.8125
2024-12-21 00:00:00+00:00,254.375,405.9583333333333,148.93854166666668,6.455208333333334,2.224992236024845,7.614583333333333,14.651041666666666,66.22916666666667,0.5958333333333333,188.48958333333334
2024-12-22 00:00:00+00:00,368.7916666666667,516.7222222222222,202.88125,6.833144283121597,4.565520833333333,15.246875000000001,14.413541666666667,67.53125,0.7520833333333333,247.92708333333334
2024-12-23 00:00:00+00:00,309.1666666666667,434.2916666666667,130.428125,12.403874024526198,2.1384374999999998,13.428125,14.039583333333333,71.34375,1.125,241.39583333333334
2024-12-24 00:00:00+00:00,213.30729166666666,303.328125,104.93333333333334,4.633806818181818,1.5408854166666668,12.74375,14.5390625,70.53645833333333,1.1041666666666667,251.0
2024-12-25 00:00:00+00:00,213.58333333333334,310.4583333333333,132.37916666666666,9.601041666666667,1.9305208333333335,4.601041666666666,14.496875000000001,75.76041666666667,0.5208333333333334,158.10416666666666
2024-12-26 00:00:00+00:00,256.9166666666667,374.8695652173913,147.21145833333335,5.257971014492754,2.3425,5.780208333333333,14.907291666666666,70.36458333333333,0.5906250000000001,242.79166666666666
2024-12-27 00:00:00+00:00,195.66666666666666,240.578125,93.71979166666667,5.993125,1.27859375,7.95,13.853645833333333,85.96354166666667,1.5901041666666667,241.09375
2024-12-28 00:00:00+00:00,111.35416666666667,146.29166666666666,97.74062500000001,11.588541666666666,1.3734374999999999,2.5755208333333335,13.977083333333333,90.09375,0.603125,212.97916666666666
2024-12-29 00:00:00+00:00,122.92708333333333,178.125,75.83645833333334,1.4696256038647342,1.2277083333333334,3.8296875,13.8375,84.73958333333333,1.0489583333333334,222.96875
2024-12-30 00:00:00+00:00,104.71829163071614,184.91371872303708,66.4971904398678,4.7837782862954485,1.6704329371816637,4.5026740237691,12.880326825127334,79.41659592529712,0.9681876061120542,178.125
2024-12-31 00:00:00+00:00,,,,,,,,,,
2025-01-01 00:00:00+00:00,208.79166666666666,328.2291666666667,70.14427083333334,12.175520833333332,2.1313020833333334,4.122916666666667,12.235416666666666,79.00520833333333,0.6958333333333333,217.85416666666666
2025-01-02 00:00:00+00:00,211.7519927536232,332.09615384615387,67.88795093795095,8.445277777777777,2.2287917350848385,4.8099155905299975,12.322447538337368,80.44387274683885,0.7071327683615819,191.76091269841268
2025-01-03 00:00:00+00:00,,,,,,,,,,
2025-01-04 00:00:00+00:00,332.9706937799043,435.06459330143537,,,2.764155844155844,7.035251322751323,12.95138888888889,87.87698412698413,1.4605820105820106,249.34391534391537
2025-01-05 00:00:00+00:00,196.4891975308642,262.5833333333333,56.8537109375,,1.6575694444444444,5.325735294117647,13.01764705882353,80.19852941176471,1.9183823529411763,236.5735294117647
2025-01-06 00:00:00+00:00,231.2608695652174,330.859375,71.01961152882205,,2.2653218482905983,4.256303418803419,13.220018696581198,82.87005876068376,1.0528979700854701,230.4292200854701
2025-01-07 00:00:00+00:00,,,,,1.8297395833333334,3.9850717905405406,12.838724662162162,84.6336570945946,0.7602407094594594,246.09375
2025-01-08 00:00:00+00:00,,,,,2.6112109375,7.584071180555555,14.284375,63.5234375,0.74453125,220.12109375
2025-01-09 00:00:00+00:00,423.0808080808081,535.6997971602434,,,4.621086956521739,7.377173913043477,13.069021739130434,78.26086956521739,0.7478260869565218,164.66304347826087
2025-01-10 00:00:00+00:00,341.08958333333334,438.1498538011696,46.268270676691735,,2.702236950549451,7.193633241758242,12.31748511904762,87.81235119047619,1.1554315476190475,240.4026785714286
2025-01-11 00:00:00+00:00,,,,,,,,,,
2025-01-12 00:00:00+00:00,206.49226190476188,274.34107142857147,54.20455495818399,,2.4505815972222225,3.619487847222222,13.483289930555555,82.99392361111111,0.5101562500000001,229.375
2025-01-13 00:00:00+00:00,186.01666666666668,297.62976190476195,54.45590277777777,,2.072547619047619,3.007310606060606,13.846060606060608,80.58333333333334,0.7773863636363636,233.25
2025-01-14 00:00:00+00:00,251.25,381.17964975845416,63.83710317460317,,2.525344202898551,4.1616732804232806,13.49843253968254,78.9790343915344,0.6434523809523809,237.21428571428572
2025-01-15 00:00:00+00:00,361.47469806763286,426.1267857142857,55.239441114441114,26.592444789510004,4.251899154589372,8.511120129870129,17.678046953046955,88.40783522033522,0.768992118992119,142.42902777777778
2025-01-16 00:00:00+00:00,222.99475524475523,289.7062937062937,55.231770833333336,15.928645833333334,3.6376562499999996,7.530208333333333,23.901041666666668,82.98958333333333,0.3697916666666667,7.752083333333334
2025-01-17 00:00:00+00:00,204.90009746588694,295.03508771929825,48.277427944862154,20.242591145833334,3.157318295739348,,22.710260025062656,88.26785714285715,0.30510651629072677,6.61359649122807
2025-01-18 00:00:00+00:00,199.58333333333334,328.8333333333333,46.39114583333333,13.628260869565217,2.69375,,24.366666666666664,78.85416666666667,0.37604166666666666,7.188078703703703
2025-01-19 00:00:00+00:00,309.8489583333333,482.7708333333333,72.85572916666666,11.759895833333333,4.2375,7.616145833333333,26.43541666666667,74.65625,0.30104166666666665,6.107487922705315
2025-01-20 00:00:00+00:00,202.33333333333334,348.875,88.47239583333334,62.41302083333333,3.1735416666666665,5.037847222222222,26.989583333333332,71.20833333333333,0.3328125,6.734375
2025-01-21 00:00:00+00:00,164.41666666666666,305.125,99.87447916666667,10.031770833333333,2.1021875,6.175,26.571354166666666,66.33333333333333,0.34375,5.572916666666667
2025-01-22 00:00:00+00:00,150.9375,330.625,74.65050125313283,10.897395833333334,2.18078125,5.878125,26.410416666666666,68.0,0.30624999999999997,5.875
2025-01-23 00:00:00+00:00,140.54166666666666,250.41666666666666,76.74247685185185,7.365393518518519,2.0263020833333334,5.578125,26.772916666666664,66.11458333333333,0.33749999999999997,4.963541666666667
2025-01-24 00:00:00+00:00,105.84375,220.90104166666666,87.49791666666665,12.0546875,1.3081770833333335,7.184606481481481,26.235416666666666,57.697916666666664,0.3854166666666667,4.0625
2025-01-25 00:00:00+00:00,105.734375,270.4479166666667,,,1.528661332179931,,,,,
2025-01-26 00:00:00+00:00,,,,,,,,,,
2025-01-27 00:00:00+00:00,158.84232954545453,357.76278409090907,114.85994318181817,7.081747159090909,2.404921875,6.281818181818181,24.637073863636363,61.85440340909091,0.3413352272727273,4.636363636363637
2025-01-28 00:00:00+00:00,170.109375,372.7592592592593,130.66197916666667,9.605057932263815,2.7809895833333336,7.305729166666667,25.36145833333333,60.255208333333336,0.31354166666666666,5.3351449275362315
2025-01-29 00:00:00+00:00,272.15719696969694,416.52661064425774,122.6790404040404,14.612680375180377,2.7623169191919192,8.755555555555556,22.30580808080808,65.26641414141415,0.6079545454545454,4.593444444444445
2025-01-30 00:00:00+00:00,202.72395833333334,328.1770833333333,103.04166666666667,24.155729166666664,2.114921875,6.315104166666667,21.400000000000002,67.92708333333333,0.5609375,5.367708333333333
2025-01-31 00:00:00+00:00,284.1585213032581,459.5734649122807,90.40299305555556,18.19854861111111,3.08671875,10.52675,21.810875,72.019375,0.33249999999999996,6.663157894736842
2025-02-01 00:00:00+00:00,,,,,,,,,,
2025-02-02 00:00:00+00:00,198.09722222222223,302.8305555555556,70.36437500000001,8.5525,1.8575624999999998,4.3949107142857144,20.623035714285713,73.89910714285715,0.318125,35.190178571428575
2025-02-03 00:00:00+00:00,,,,,,,,,,
2025-02-04 00:00:00+00:00,,,,1.76484375,0.8902941176470588,,23.138733552631578,59.4921875,34.44868421052632,
2025-02-05 00:00:00+00:00,,,214.3671484375,1.7944444444444443,0.7778063973063972,0.8999999999999999,20.595277777777778,64.85497685185186,34.53408564814815,
2025-02-06 00:00:00+00:00,,,129.71390993265993,1.8,1.19,0.9,21.607158630842843,51.7811618206355,,
2025-02-07 00:00:00+00:00,77.36363636363636,190.99242424242422,85.71249999999999,4.565340909090909,0.9779024621212122,6.763636363636365,21.101136363636364,48.876893939393945,0.5037878787878788,357.67045454545456
2025-02-08 00:00:00+00:00,90.93601190476191,242.49627976190473,95.25130208333333,8.759288194444444,1.385902777777778,6.313932291666667,21.521571180555554,50.127604166666664,0.41111111111111115,357.8125
2025-02-09 00:00:00+00:00,141.23958333333334,329.0052083333333,102.95989583333333,10.4546875,1.8564583333333333,5.334895833333333,21.803645833333334,56.541666666666664,0.3072916666666667,356.890625
2025-02-10 00:00:00+00:00,170.72916666666666,405.1180555555556,106.02552083333335,9.32986111111111,2.2636458333333334,5.5328124999999995,22.125520833333336,58.307291666666664,0.315625,266.7395833333333
2025-02-11 00:00:00+00:00,221.42708333333334,415.2391304347826,108.99947916666667,14.604687499999999,2.397239583333333,9.400520833333333,22.3984375,58.895833333333336,0.3104166666666667,122.25
2025-02-12 00:00:00+00:00,99.54257246376812,268.408740942029,67.0377770390071,7.97466755319149,1.2309962322695036,9.812056737588653,22.08495124113475,54.75709219858155,0.4897606382978723,87.23781028368795
2025-02-13 00:00:00+00:00,,,,,,,,,,
2025-02-14 00:00:00+00:00,68.36011904761905,189.08333333333331,,18.976934523809526,0.885935119047619,,21.463303571428572,49.99761904761905,0.3981547619047619,110.28154761904761
2025-02-15 00:00:00+00:00,115.59126984126983,296.67195767195767,82.0636369047619,11.93327380952381,,7.330607142857143,21.373055555555556,54.54017857142857,0.35398809523809527,190.9767857142857
2025-02-16 00:00:00+00:00,189.75,355.5416666666667,73.46927083333334,10.945985518390364,1.8140104166666668,13.738020833333332,22.56041666666667,59.395833333333336,0.3302083333333333,125.70833333333333
2025-02-17 00:00:00+00:00,150.15408381080778,350.6975901584091,79.54612824401752,17.229668014829794,2.2305434782608695,10.813881867205932,22.44519295584766,58.49330131445905,0.3181159420289855,128.54718570947085
2025-02-18 00:00:00+00:00,,,,,,,,,,
2025-02-19 00:00:00+00:00,99.19560185185185,258.6770833333333,64.23652173913044,6.53217803030303,1.0830208333333333,11.003260869565217,23.433478260869567,53.0195652173913,0.34402173913043477,145.4
2025-02-20 00:00:00+00:00,,,,,,,,,,
2025-02-21 00:00:00+00:00,,,,,,,,,,
2025-02-22 00:00:00+00:00,59.56328282828283,133.2521212121212,55.47264177600865,7.801550444739299,1.508816290726817,9.784800850164627,21.2843751535702,67.93659393581994,0.37669172932330824,81.43782249742002
2025-02-23 00:00:00+00:00,,,,,,,,,,
2025-02-24 00:00:00+00:00,122.02931488801055,238.66867588932806,92.78273550724639,7.021809948979592,1.6819581686429514,11.669692028985507,22.630452898550722,62.2463768115942,0.3130434782608696,94.87971014492753
2025-02-25 00:00:00+00:00,99.5,270.56111111111113,99.26861111111111,19.272058823529413,2.22125,14.454722222222223,24.26833333333333,54.25,0.31527777777777777,120.8638888888889
2025-02-26 00:00:00+00:00,145.5922619047619,344.72693452380946,108.85546875,21.05615699404762,3.591588541666667,11.819270833333334,24.856510416666666,55.858072916666664,0.4076822916666667,188.69010416666666
2025-02-27 00:00:00+00:00,,,,,,,,,,
2025-02-28 00:00:00+00:00,,,,,,,,,,
2025-03-01 00:00:00+00:00,70.33854166666667,128.3125,83.721875,18.575386996904026,1.4608333333333334,7.206770833333334,22.645833333333332,69.16666666666667,0.7671875,133.65625
2025-03-02 00:00:00+00:00,85.45833333333333,192.375,104.56822916666665,26.024479166666666,1.5621875,9.945833333333333,22.317708333333332,57.84375,0.4427083333333333,104.28125
2025-03-03 00:00:00+00:00,68.58333333333333,228.70833333333334,120.99010416666665,47.786458333333336,1.2942708333333333,17.516666666666666,23.347916666666666,49.328125,0.43854166666666666,145.46875
2025-03-04 00:00:00+00:00,60.25,193.91666666666666,98.20520833333335,13.708159722222222,1.4586979166666667,12.145833333333334,23.405208333333334,57.291666666666664,0.6979166666666666,121.73958333333333
2025-03-05 00:00:00+00:00,35.104166666666664,164.66666666666666,76.1203125,8.863095238095237,1.17203125,20.324479166666666,21.459374999999998,50.760416666666664,1.1781249999999999,96.61458333333333
2025-03-06 00:00:00+00:00,58.666666666666664,207.82291666666666,95.87552083333333,28.398958333333336,2.05890625,19.893229166666668,22.569270833333334,45.5625,0.6458333333333334,104.40104166666667
2025-03-07 00:00:00+00:00,109.328125,268.0364583333333,92.9943576388889,15.59921875,2.397220026350461,12.724479166666667,23.023958333333336,52.78125,0.3697916666666667,116.34375
2025-03-08 00:00:00+00:00,83.375,238.5,89.36666666666667,4.448369565217392,1.9224479166666668,13.375520833333333,23.655208333333334,53.125,0.3729166666666666,179.52083333333334
2025-03-09 00:00:00+00:00,119.9375,269.74154589371983,88.515625,,2.34234375,17.1984375,24.395833333333332,53.760416666666664,0.6072916666666667,139.8125
2025-03-10 00:00:00+00:00,99.5,238.707729468599,74.88020833333333,22.290625000000002,1.7970833333333334,25.203645833333336,25.744791666666668,51.520833333333336,0.8979166666666667,153.05208333333334
2025-03-11 00:00:00+00:00,136.33333333333334,373.0208333333333,110.72083333333335,18.716666666666665,2.277604166666667,17.410416666666666,25.349999999999998,56.34375,0.36562500000000003,142.08333333333334
2025-03-12 00:00:00+00:00,93.70833333333333,268.3743961352657,87.19270833333333,6.9914434523809526,1.5009375,11.496875000000001,25.364583333333332,56.114583333333336,0.35260416666666666,90.32291666666667
2025-03-13 00:00:00+00:00,91.0,242.97916666666666,81.10625,17.818749999999998,1.4101041666666667,15.048958333333333,25.438541666666666,54.947916666666664,0.3645833333333333,152.41666666666666
2025-03-14 00:00:00+00:00,108.16666666666667,212.54166666666666,83.04322916666666,18.587500000000002,2.420260416666667,14.5328125,24.985416666666666,55.59375,0.465625,148.82291666666666
2025-03-15 00:00:00+00:00,34.317708333333336,86.27083333333333,59.05833333333334,14.219270833333333,1.0821875,15.260416666666666,23.857812499999998,56.630208333333336,1.2057291666666667,132.18229166666666
2025-03-16 00:00:00+00:00,43.223958333333336,124.875,75.1203125,13.701041666666667,1.1697916666666666,13.008519345238094,24.164583333333336,53.947916666666664,0.359375,86.97916666666667
2025-03-17 00:00:00+00:00,57.0,135.58333333333334,76.78177083333334,12.5375,1.2363020833333334,14.791145833333333,23.71875,58.041666666666664,0.3979166666666667,105.96875
2025-03-18 00:00:00+00:00,51.291666666666664,135.625,76.93020833333334,12.666145833333333,1.32671875,17.664732142857144,24.534375,54.614583333333336,0.40520833333333334,90.19791666666667
2025-03-19 00:00:00+00:00,77.0,198.9375,80.971875,13.323958333333332,2.2507291666666664,14.267708333333333,25.34166666666667,51.90625,0.359375,137.22916666666666
2025-03-20 00:00:00+00:00,63.25,208.89583333333334,73.60520833333334,6.452604166666667,2.49015625,13.518749999999999,25.726041666666664,51.364583333333336,0.38645833333333335,112.26041666666667
2025-03-21 00:00:00+00:00,58.166666666666664,172.59178743961354,68.77760416666666,11.333333333333334,2.37921875,16.495833333333334,25.556250000000002,50.177083333333336,0.421875,102.64583333333333
2025-03-22 00:00:00+00:00,75.79166666666667,246.19082125603865,80.78697916666667,14.239583333333334,2.52984375,14.4453125,25.546875,53.177083333333336,0.3989583333333333,134.20833333333334
2025-03-23 00:00:00+00:00,77.625,231.77020202020202,87.35729166666665,6.402248677248677,3.029427083333333,20.1328125,26.023958333333336,50.15625,0.37395833333333334,152.63541666666666
2025-03-24 00:00:00+00:00,113.95833333333333,316.7291666666667,92.50520833333333,14.814583333333333,2.9561458333333337,19.374479166666667,26.614583333333332,49.489583333333336,0.4864583333333334,128.13541666666666
2025-03-25 00:00:00+00:00,128.08072916666666,318.3916083916084,96.30624999999999,15.0239010989011,3.8437797619047616,24.061458333333334,27.3828125,47.473958333333336,0.4302083333333333,148.43229166666666
2025-03-26 00:00:00+00:00,150.9927536231884,364.1666666666667,88.08645833333333,35.27951388888889,4.535711805555556,14.232291666666667,28.515625,46.125,0.41250000000000003,171.08333333333334
2025-03-27 00:00:00+00:00,118.58333333333333,422.375,62.59957386363636,13.91059253246753,3.985434027777778,8.230729166666666,28.495833333333334,47.979166666666664,0.4114583333333333,147.64583333333334
2025-03-28 00:00:00+00:00,64.22916666666667,310.4166666666667,45.6078125,11.677083333333334,2.2199068322981366,13.829166666666666,28.696875000000002,44.104166666666664,0.8104166666666667,152.47916666666666
2025-03-29 00:00:00+00:00,47.91919191919192,185.64583333333334,45.345312500000006,4.429076086956522,1.600920138888889,25.033854166666668,27.213541666666668,40.916666666666664,0.709375,112.67708333333333
2025-03-30 00:00:00+00:00,43.731884057971016,157.875,49.966145833333336,20.735416666666666,2.04453125,25.03125,28.505208333333332,40.5625,0.5010416666666667,151.125
2025-03-31 00:00:00+00:00,71.14005602240897,168.66666666666666,58.70989583333333,14.854166666666666,2.1069270833333333,19.7234375,29.59375,40.9375,0.3666666666666667,167.44791666666666
2025-04-01 00:00:00+00:00,57.92814009661836,192.34375,54.1390625,9.629687500000001,2.2488541666666664,22.916666666666668,29.876041666666666,39.463541666666664,0.4322916666666667,171.80208333333334
2025-04-02 00:00:00+00:00,92.0,280.4583333333333,65.34531249999999,18.6875,3.1844791666666663,15.541666666666666,30.08020833333333,41.416666666666664,0.33749999999999997,168.65625
2025-04-03 00:00:00+00:00,127.16608391608392,318.5416666666667,75.60781250000001,17.454138321995465,3.9566203703703704,13.457291666666668,31.09166666666667,39.739583333333336,0.3833333333333333,172.89583333333334
2025-04-04 00:00:00+00:00,93.47101449275362,318.1666666666667,69.31406249999999,11.55606884057971,3.54880787037037,16.720833333333335,31.85364583333333,38.958333333333336,0.375,144.36979166666666
2025-04-05 00:00:00+00:00,67.43236714975845,204.875,56.98072916666666,15.033522727272727,2.4219270833333333,15.623916997354497,31.285416666666666,41.4375,0.45,133.85416666666666
2025-04-06 00:00:00+00:00,85.70833333333333,247.04166666666666,67.64114583333334,10.922710944026733,3.410989583333333,12.813020833333333,31.68541666666667,42.822916666666664,0.3510416666666667,202.25
2025-04-07 00:00:00+00:00,148.25,371.75,69.46979166666667,25.192708333333332,4.226734848484849,14.133854166666666,32.963541666666664,43.65625,0.4739583333333333,172.51041666666666
2025-04-08 00:00:00+00:00,101.95833333333333,297.0416666666667,51.104687500000004,12.321849030470915,2.8953993055555554,16.161979166666665,33.510416666666664,42.96875,0.8375,146.55208333333334
2025-04-09 00:00:00+00:00,94.41666666666667,295.5416666666667,43.05572916666667,11.274218750000001,3.6317881944444443,13.716145833333334,34.047916666666666,46.1875,0.803125,166.85416666666666
2025-04-10 00:00:00+00:00,78.41145833333333,297.0885416666667,58.269675925925924,,2.2917824074074074,12.277480158730159,33.196875,46.0625,0.7875,168.29166666666666
2025-04-11 00:00:00+00:00,39.333333333333336,157.875,36.618229166666666,,1.9126562499999997,13.026562499999999,30.70520833333333,60.010416666666664,2.290625,144.79166666666666
2025-04-12 00:00:00+00:00,37.416666666666664,118.58333333333333,49.7640625,,3.74421875,19.1328125,30.338541666666668,55.572916666666664,0.8791666666666668,158.5625
2025-04-13 00:00:00+00:00,61.0,180.625,86.53229166666667,10.139267037786775,1.505625,23.560937499999998,32.135416666666664,45.479166666666664,0.47812499999999997,217.44791666666666
2025-04-14 00:00:00+00:00,61.333333333333336,231.95833333333334,65.47291666666666,,1.16578125,19.036979166666665,32.478125,48.21875,0.9520833333333334,174.10416666666666
2025-04-15 00:00:00+00:00,56.125,201.25,56.6578125,7.563858695652174,1.6098958333333335,23.752604166666668,33.046875,45.947916666666664,0.875,190.77083333333334
2025-04-16 00:00:00+00:00,81.58333333333333,259.5416666666667,63.603125,8.768431712962963,2.15984375,21.236979166666668,33.49375,45.552083333333336,0.6145833333333334,198.45833333333334
2025-04-17 00:00:00+00:00,80.54166666666667,267.2083333333333,66.62511574074074,13.817187500000001,2.3199421296296294,30.342708333333334,33.71666666666667,45.15625,0.9572916666666668,208.47916666666666
2025-04-18 00:00:00+00:00,71.625,259.5416666666667,44.90625,,2.414322916666667,32.977604166666666,32.88333333333333,52.114583333333336,1.3520833333333335,177.29166666666666
2025-04-19 00:00:00+00:00,41.307291666666664,164.61979166666666,41.455729166666664,21.894791666666666,2.6035416666666666,17.02733134920635,32.137499999999996,54.609375,1.996875,180.421875
2025-04-20 00:00:00+00:00,55.833333333333336,185.83333333333334,41.71666666666667,,2.423125,21.9296875,33.02708333333333,52.947916666666664,1.565625,159.3125
2025-04-21 00:00:00+00:00,74.0,275.0416666666667,82.07760416666666,24.771874999999998,3.18375,17.3203125,34.074999999999996,42.895833333333336,0.46249999999999997,196.60416666666666
2025-04-22 00:00:00+00:00,88.1875,297.5885416666667,107.59114583333333,,3.83953125,16.621875,33.141666666666666,33.541666666666664,0.46510416666666665,187.28645833333334
2025-04-23 00:00:00+00:00,76.74479166666667,279.515625,105.08958333333334,,3.0359374999999997,23.653645833333332,33.07864583333333,33.567708333333336,0.5229166666666667,182.22395833333334
2025-04-24 00:00:00+00:00,97.41666666666667,317.4166666666667,114.36510416666665,,3.87640625,20.855729166666666,33.16354166666667,34.645833333333336,0.40520833333333334,182.41666666666666
2025-04-25 00:00:00+00:00,147.54166666666666,374.0416666666667,106.60260416666667,27.066885964912284,3.5517708333333338,21.457465277777782,33.704166666666666,36.666666666666664,0.41875,164.38541666666666
2025-04-26 00:00:00+00:00,131.54166666666666,342.5833333333333,112.73177083333333,,2.8135937500000003,28.97083333333333,33.547916666666666,36.708333333333336,0.4614583333333333,171.39583333333334
2025-04-27 00:00:00+00:00,96.875,305.9583333333333,95.50677083333333,10.788541666666667,1.5199479166666665,24.66412037037037,33.975,35.270833333333336,0.45416666666666666,147.53125
2025-04-28 00:00:00+00:00,116.41666666666667,346.7916666666667,74.45416666666667,12.444791666666667,1.8317708333333333,32.72239583333333,32.815625000000004,42.083333333333336,1.3791666666666667,177.01041666666666
2025-04-29 00:00:00+00:00,72.95833333333333,237.83333333333334,48.94375,10.770833333333334,1.5223958333333334,30.881249999999998,31.4375,49.635416666666664,2.120833333333333,145.41666666666666
2025-04-30 00:00:00+00:00,69.97628458498023,223.70256916996047,46.07009222661396,12.139969179371354,1.6300477602108037,25.576136363636362,31.95250329380764,51.30467720685112,1.6804347826086956,160.7437417654809
2025-05-01 00:00:00+00:00,85.16666666666667,204.078125,44.68541666666667,26.06041666666667,1.8166145833333334,26.352604166666666,32.52291666666667,51.796875,1.9338541666666667,172.13020833333334
2025-05-02 00:00:00+00:00,53.625,143.39583333333334,53.31927083333333,15.46875,1.7617708333333333,18.37604166666667,27.889583333333334,71.08333333333333,1.5916666666666666,159.34375
2025-05-03 00:00:00+00:00,98.33333333333333,222.0,65.35572916666666,20.876041666666666,2.5654166666666667,11.643229166666666,29.575,64.71875,0.7104166666666667,176.59375
2025-05-04 00:00:00+00:00,92.125,240.91666666666666,66.47135416666667,17.745833333333334,,14.707812500000001,30.915625000000002,57.010416666666664,1.1812500000000001,234.70833333333334
2025-05-05 00:00:00+00:00,41.677083333333336,125.95833333333333,56.17135416666667,15.226041666666667,1.4271006944444444,16.961458333333333,29.089583333333334,59.177083333333336,1.7885416666666665,202.44791666666666
2025-05-06 00:00:00+00:00,61.541666666666664,155.83333333333334,58.84427083333333,17.185416666666665,1.380625,17.161979166666665,30.434375,55.958333333333336,1.140625,179.71875
2025-05-07 00:00:00+00:00,56.916666666666664,139.95833333333334,56.98802083333334,19.115624999999998,2.092552083333333,18.905729166666667,29.849999999999998,63.885416666666664,1.4156250000000001,191.88541666666666
2025-05-08 00:00:00+00:00,102.29166666666667,214.70833333333334,63.64947916666667,75.25416666666666,2.054427083333333,10.447916666666666,30.728125000000002,59.989583333333336,1.0114583333333333,212.73958333333334
2025-05-09 00:00:00+00:00,69.75,178.0,57.48564814814815,12.625,2.5002199074074074,11.073437499999999,31.501041666666666,55.989583333333336,0.75,213.04166666666666
2025-05-10 00:00:00+00:00,117.875,255.08333333333334,66.72083333333333,13.9,1.88109375,10.878645833333332,31.219791666666666,58.395833333333336,0.5645833333333333,157.10416666666666
2025-05-11 00:00:00+00:00,82.25,183.3125,59.64166666666667,8.914583333333333,1.6226562500000001,16.751562500000002,31.755208333333332,53.802083333333336,0.5041666666666667,175.82291666666666
2025-05-12 00:00:00+00:00,50.75,173.45833333333334,72.60781250000001,9.375,1.2906770833333334,25.4640625,32.734375,44.28125,0.43333333333333335,148.44791666666666
2025-05-13 00:00:00+00:00,26.083333333333332,146.54166666666666,62.04739583333333,9.496875,1.1968229166666666,15.888541666666667,31.96666666666667,49.927083333333336,0.5520833333333334,139.08333333333334
2025-05-14 00:00:00+00:00,67.08333333333333,260.1875,66.78125,11.521875,1.5933854166666668,12.9859375,32.49166666666667,48.5625,0.34791666666666665,137.1875
2025-05-15 00:00:00+00:00,203.20833333333334,,98.16197916666665,23.014583333333334,0.42520833333333335,14.0140625,33.453125,41.328125,0.34062499999999996,147.25520833333334
2025-05-16 00:00:00+00:00,93.20833333333333,327.4583333333333,88.284375,28.284895833333334,1.4625000000000001,27.8515625,33.62708333333333,43.71875,0.8145833333333333,174.28125
2025-05-17 00:00:00+00:00,59.885416666666664,200.6875,88.22643939393939,21.654687499999998,1.1272395833333333,11.01155303030303,32.453125,49.921875,0.4166666666666667,207.35416666666666
2025-05-18 00:00:00+00:00,66.41666666666667,218.66666666666666,74.15677083333334,23.490624999999998,1.23828125,15.643229166666666,33.43333333333333,50.177083333333336,0.6302083333333334,171.44791666666666
2025-05-19 00:00:00+00:00,75.75,227.83333333333334,58.2890625,19.066666666666666,0.9928125,14.2953125,33.233333333333334,56.791666666666664,1.1197916666666667,179.02083333333334
2025-05-20 00:00:00+00:00,72.75,238.66666666666666,65.38645833333334,21.366666666666664,1.1196354166666667,18.253125,33.69479166666667,55.34375,1.0531249999999999,184.83333333333334
2025-05-21 00:00:00+00:00,67.04166666666667,203.08333333333334,56.28333333333333,33.13229166666667,1.7336979166666666,15.8140625,32.82604166666666,58.4375,1.6041666666666667,173.83333333333334
2025-05-22 00:00:00+00:00,33.208333333333336,85.16666666666667,57.5875,28.248958333333334,1.4852604166666667,17.4890625,30.057291666666668,62.114583333333336,1.8187499999999999,212.98958333333334
2025-05-23 00:00:00+00:00,46.833333333333336,116.66666666666667,54.864062499999996,26.73645833333333,1.4046874999999999,21.936979166666664,31.708333333333332,59.520833333333336,1.7208333333333332,195.28125
2025-05-24 00:00:00+00:00,55.791666666666664,150.25,50.35833333333333,21.400000000000002,1.1173958333333334,21.991145833333334,32.6875,56.729166666666664,2.171875,192.03125
2025-05-25 00:00:00+00:00,34.57971014492754,86.97916666666667,70.90729166666667,24.16979166666667,1.2715625000000002,12.616145833333334,28.93541666666667,76.0625,1.1395833333333334,165.30208333333334
2025-05-26 00:00:00+00:00,49.201618186582806,115.75520833333333,51.567708333333336,30.716145833333332,1.5404891304347825,18.758854166666666,30.8359375,68.74479166666667,0.9286458333333334,189.05729166666666
2025-05-27 00:00:00+00:00,,124.390625,43.73802083333334,19.953125,1.374670138888889,14.259374999999999,32.420833333333334,61.479166666666664,0.6010416666666666,201.3125
2025-05-28 00:00:00+00:00,61.458333333333336,168.95833333333334,49.6625,23.64270833333333,1.4816145833333332,14.679166666666667,33.32604166666667,58.927083333333336,0.5812499999999999,149.38541666666666
2025-05-29 00:00:00+00:00,52.427083333333336,154.60416666666666,50.72760416666667,23.619791666666668,1.56453125,12.296354166666667,32.81875,59.135416666666664,0.5802083333333333,192.55729166666666
2025-05-30 00:00:00+00:00,69.41666666666667,238.75,70.08229166666666,28.58125,1.9261979166666665,6.610869565217392,31.976041666666664,58.114583333333336,0.5041666666666667,163.11458333333334
2025-05-31 00:00:00+00:00,99.5,344.9166666666667,74.28072916666666,27.33020833333333,2.0313131313131314,23.054166666666664,33.89895833333333,55.666666666666664,0.47083333333333327,177.48958333333334
2025-06-01 00:00:00+00:00,49.635416666666664,249.47916666666666,62.16197916666667,26.796875,1.2666666666666668,7.758854166666667,31.506249999999998,56.505208333333336,0.6,157.92708333333334
2025-06-02 00:00:00+00:00,45.083333333333336,182.58333333333334,64.88385416666667,23.771874999999998,,16.7921875,31.082291666666666,52.5,0.4197916666666666,174.19791666666666
2025-06-03 00:00:00+00:00,48.666666666666664,202.20833333333334,65.24079861111112,28.313387635756055,1.2414508928571428,14.505555555555555,30.246875,54.729166666666664,0.5906250000000001,191.61458333333334
2025-06-04 00:00:00+00:00,56.458333333333336,187.875,62.59583333333333,41.32083333333333,0.8428645833333334,11.045833333333334,30.414583333333336,55.541666666666664,0.45729166666666665,176.03125
2025-06-05 00:00:00+00:00,71.24739583333333,226.515625,69.24036458333333,25.499479166666664,0.753515625,30.558854166666666,31.697916666666668,49.96875,0.378125,173.63541666666666
2025-06-06 00:00:00+00:00,52.958333333333336,229.33333333333334,74.14010416666666,17.502083333333335,0.7880208333333334,33.03258101851852,32.86770833333333,49.864583333333336,0.4583333333333333,203.65625
2025-06-07 00:00:00+00:00,75.875,256.0833333333333,66.58437500000001,30.46666666666667,0.8455208333333334,27.579166666666666,33.978125,48.177083333333336,0.4614583333333333,206.95833333333334
2025-06-08 00:00:00+00:00,87.04166666666667,282.0416666666667,68.75,30.461458333333336,0.9554166666666667,33.88854166666667,35.065625000000004,47.052083333333336,0.38645833333333335,199.75
2025-06-09 00:00:00+00:00,81.875,325.4166666666667,86.89739583333333,25.811979166666664,1.0691666666666666,13.890733506944445,35.803125,42.96875,0.39687500000000003,133.84375
2025-06-10 00:00:00+00:00,61.5,344.9583333333333,78.62395833333333,20.355208333333334,1.2791145833333333,35.38255208333334,35.74375,38.0,0.421875,102.17708333333333
2025-06-11 00:00:00+00:00,83.08333333333333,322.4166666666667,69.87135416666666,28.114583333333332,1.1058854166666667,30.088541666666668,35.58645833333333,44.385416666666664,0.6276041666666666,194.88541666666666
2025-06-12 00:00:00+00:00,76.42129647313472,220.01277281746033,,22.26892361111111,,,,,,
2025-06-13 00:00:00+00:00,59.584868421052626,196.82208416583416,,26.334895833333334,,,,,,
2025-06-14 00:00:00+00:00,66.33333333333333,176.91666666666666,53.71458333333334,42.4625,1.0616666666666668,30.712500000000002,34.384375,55.75,0.8104166666666667,186.01041666666666
2025-06-15 00:00:00+00:00,43.75,161.625,54.23854166666666,24.0234375,0.8589583333333334,22.759375000000002,32.512499999999996,58.020833333333336,1.2395833333333333,203.78125
2025-06-16 00:00:00+00:00,43.708333333333336,116.75,50.65520833333333,69.4953125,0.9953124999999999,21.164583333333333,31.905208333333334,60.65625,0.9197916666666667,192.59375
2025-06-17 00:00:00+00:00,38.4375,93.41666666666667,51.965624999999996,22.3171875,0.935,12.871875000000001,30.767708333333335,72.83333333333333,0.8781249999999999,199.80208333333334
2025-06-18 00:00:00+00:00,45.25,87.375,52.64791666666667,22.634375000000002,0.8579166666666667,15.684375000000001,30.81041666666667,73.47916666666667,0.5041666666666667,168.11458333333334
2025-06-19 00:00:00+00:00,36.75,94.625,43.744791666666664,33.420833333333334,0.8109895833333334,7.392708333333334,31.615624999999998,68.45833333333333,0.9729166666666668,148.55208333333334
2025-06-20 00:00:00+00:00,31.31993006993007,72.92995169082126,35.38854166666667,19.002173913043478,0.7146875,8.094502314814815,30.844791666666666,71.48958333333333,1.2,176.13541666666666
2025-06-21 00:00:00+00:00,31.276041666666668,80.36458333333333,32.66354166666667,47.75677083333333,1.3283854166666667,18.9484375,32.44583333333333,65.80729166666667,0.8671875,216.05208333333334
2025-06-22 00:00:00+00:00,37.375,99.54166666666667,37.079166666666666,19.37847222222222,1.0421875,12.768229166666666,32.264583333333334,65.91666666666667,0.6906249999999999,192.58333333333334
2025-06-23 00:00:00+00:00,47.416666666666664,111.83333333333333,33.485416666666666,21.071354166666666,1.1153125,16.536979166666665,32.34166666666667,66.08333333333333,0.7791666666666667,170.16666666666666
2025-06-24 00:00:00+00:00,45.791666666666664,97.85416666666667,37.21041666666667,43.606770833333336,1.296875,11.889699074074073,31.431250000000002,73.48958333333333,0.521875,136.8125
2025-06-25 00:00:00+00:00,68.625,138.875,32.365625,18.1015625,1.2644270833333333,10.965277777777779,31.278125,75.30208333333333,0.8447916666666666,145.25
2025-06-26 00:00:00+00:00,27.958333333333332,77.04166666666667,28.001562500000002,18.036458333333332,0.8376041666666666,1.9472222222222222,32.610416666666666,66.52083333333333,1.4135416666666665,190.79166666666666
2025-06-27 00:00:00+00:00,20.583333333333332,72.08333333333333,29.17760416666667,17.868750000000002,0.7747395833333334,5.2889178240740735,33.47708333333333,61.46875,1.515625,193.63541666666666
2025-06-28 00:00:00+00:00,31.416666666666668,101.83333333333333,38.244791666666664,20.070833333333333,1.05921875,3.733374669312169,32.0,68.77083333333333,0.6104166666666667,225.41666666666666
2025-06-29 00:00:00+00:00,35.458333333333336,75.58333333333333,38.678645833333334,18.735416666666666,1.0533854166666667,1.6508152173913044,29.897916666666664,80.14583333333333,0.5239583333333333,191.84375
2025-06-30 00:00:00+00:00,32.692708333333336,66.91666666666667,51.56354166666667,21.646874999999998,1.2515625000000001,3.7852536231884057,28.965625,84.36458333333333,0.43333333333333335,169.45833333333334
2025-07-01 00:00:00+00:00,30.484375,75.91666666666667,43.22239583333334,17.610416666666666,1.0302083333333334,3.986032608695652,30.980729166666666,74.46875,0.7833333333333333,214.75
2025-07-02 00:00:00+00:00,26.833333333333332,88.54166666666667,34.860416666666666,18.138541666666665,0.9366145833333334,2.6041956018518517,32.53541666666667,66.35416666666667,1.1302083333333333,170.69791666666666
2025-07-03 00:00:00+00:00,25.541666666666668,71.83333333333333,29.473958333333332,12.652083333333332,0.8073437499999999,4.291811342592593,32.418749999999996,67.51041666666667,1.3760416666666666,156.30208333333334
2025-07-04 00:00:00+00:00,28.958333333333332,74.25,35.40208333333333,17.430208333333333,1.0730208333333333,4.461458333333333,32.56979166666667,73.10416666666667,0.6604166666666667,177.13541666666666
2025-07-05 00:00:00+00:00,37.541666666666664,94.625,38.57604166666667,25.976041666666664,0.9849479166666667,1.6059782608695652,32.63229166666667,69.13541666666667,0.56875,199.52083333333334
2025-07-06 00:00:00+00:00,49.541666666666664,120.33333333333333,33.89270833333333,26.652083333333334,1.06953125,2.7177083333333334,31.947916666666668,74.625,0.42291666666666666,161.59375
2025-07-07 00:00:00+00:00,34.333333333333336,86.04166666666667,69.64114583333334,20.599479166666665,1.184375,3.952715773809524,30.825,74.40625,0.45416666666666666,188.27083333333334
2025-07-08 00:00:00+00:00,42.979166666666664,149.91666666666666,49.388020833333336,30.661458333333332,1.2601041666666666,1.7957125603864734,32.86770833333333,66.38541666666667,0.3364583333333333,178.91666666666666
2025-07-09 00:00:00+00:00,25.583333333333332,92.0,49.43541666666667,26.469791666666666,0.9021354166666667,5.087659143518518,30.921875,72.65625,0.3833333333333333,155.60416666666666
2025-07-10 00:00:00+00:00,26.479166666666668,55.625,53.128125000000004,19.889583333333334,1.0330208333333333,5.816145833333334,29.553124999999998,81.51041666666667,0.4041666666666666,195.54166666666666
2025-07-11 00:00:00+00:00,55.395833333333336,110.52083333333333,59.96197916666667,27.16875,1.2457291666666668,6.082142857142857,30.8,78.125,0.3489583333333333,172.86458333333334
2025-07-12 00:00:00+00:00,64.625,129.54166666666666,57.1265625,23.603125000000002,1.3020833333333333,6.947395833333334,30.91875,72.14583333333333,0.48854166666666665,181.69791666666666
2025-07-13 00:00:00+00:00,43.385416666666664,95.75,50.509375,23.25,1.0075520833333333,3.1508391203703705,31.219791666666666,74.9375,0.5958333333333333,175.9375
2025-07-14 00:00:00+00:00,22.291666666666668,42.75,39.39270833333333,19.679166666666667,0.8765625,1.2250578703703703,31.132291666666664,79.75,1.8364583333333335,222.5625
2025-07-15 00:00:00+00:00,21.854166666666668,46.208333333333336,32.829166666666666,21.162499999999998,0.7708854166666667,2.5161458333333333,31.559375,79.46875,1.9749999999999999,201.46875
2025-07-16 00:00:00+00:00,34.791666666666664,81.625,37.34583333333333,23.180208333333336,0.89546875,1.5005208333333335,32.15208333333333,77.94791666666667,0.8447916666666666,197.05208333333334
2025-07-17 00:00:00+00:00,27.416666666666668,69.0,35.8296875,26.514583333333334,0.7481249999999999,1.9485984848484847,31.977083333333336,76.66666666666667,1.1604166666666667,220.41666666666666
2025-07-18 00:00:00+00:00,32.007246376811594,58.031400966183575,39.88645833333333,20.004166666666666,0.8422916666666667,2.28671875,31.75,81.27083333333333,1.746875,242.10416666666666
2025-07-19 00:00:00+00:00,22.333333333333332,48.0,31.109895833333336,18.53125,0.7441666666666666,3.254166666666667,32.62083333333333,74.82291666666667,1.5239583333333335,166.21875
2025-07-20 00:00:00+00:00,36.041666666666664,103.625,44.651562500000004,19.403125,0.8172395833333334,4.682103174603175,33.670833333333334,70.22916666666667,0.41770833333333335,212.82291666666666
2025-07-21 00:00:00+00:00,56.708333333333336,114.79166666666667,47.745312500000004,24.054166666666664,1.4134375,2.152777777777778,31.717708333333334,81.59375,0.42083333333333334,184.125
2025-07-22 00:00:00+00:00,60.375,110.79166666666667,58.04010416666666,24.880208333333332,1.38390625,2.0501136363636365,30.410416666666666,82.32291666666667,0.33437500000000003,179.83333333333334
2025-07-23 00:00:00+00:00,37.25,75.1875,48.08020833333333,18.945833333333333,1.2681076388888888,1.1667140151515152,29.806250000000002,86.07291666666667,0.3364583333333333,182.77083333333334
2025-07-24 00:00:00+00:00,50.9375,134.52083333333334,49.26510416666667,24.39658385093168,0.7195312500000001,3.3723904416839203,32.541666666666664,71.08333333333333,0.31354166666666666,193.5
2025-07-25 00:00:00+00:00,54.958333333333336,211.0644750254842,48.80364583333333,19.240732265446223,0.6815625,5.963541666666667,32.887499999999996,67.41666666666667,0.33125,117.11458333333333
2025-07-26 00:00:00+00:00,36.78125,,29.852604166666666,31.377604166666668,0.6196354166666667,10.771599369988545,32.2203125,67.91145833333333,0.5447916666666667,129.67708333333334
2025-07-27 00:00:00+00:00,39.21858465608466,,,,0.6378125,,32.34576388888889,68.04431216931216,0.7407374338624338,126.67420634920634
2025-07-28 00:00:00+00:00,49.041666666666664,117.5625,27.242708333333336,18.21388888888889,0.7206770833333334,,31.952083333333334,71.359375,0.4197916666666666,143.78125
2025-07-29 00:00:00+00:00,33.125,60.583333333333336,45.47291666666666,23.931250000000002,0.6593749999999999,10.153645833333334,29.713541666666668,84.94791666666667,0.5364583333333334,221.5
2025-07-30 00:00:00+00:00,31.4375,66.27083333333333,46.17604166666666,23.33020833333333,0.53390625,9.167187499999999,30.235416666666666,79.57291666666667,0.9572916666666668,202.76041666666666
2025-07-31 00:00:00+00:00,41.1231884057971,59.791666666666664,42.37135416666667,21.639062499999998,0.6847395833333333,9.449378881987577,29.18541666666667,87.73958333333333,0.6114583333333333,153.875
2025-08-01 00:00:00+00:00,32.354166666666664,77.05729166666667,37.089062500000004,21.60482804232804,0.7333854166666667,10.471354166666666,30.1796875,81.05208333333333,0.33541666666666664,164.703125
2025-08-02 00:00:00+00:00,36.208333333333336,118.79166666666667,43.97760416666667,41.74201388888889,0.5803125,10.115104166666667,30.85729166666667,75.14583333333333,0.41770833333333335,119.05208333333333
2025-08-03 00:00:00+00:00,40.18115942028985,124.87412587412587,41.303125,6.826276919149726,0.6338020833333333,9.965104166666666,30.426041666666666,77.71875,0.41875,158.0
2025-08-04 00:00:00+00:00,36.5,128.29166666666666,40.377604166666664,41.02708333333333,0.5772395833333334,10.919791666666667,30.879166666666666,73.11458333333333,0.36874999999999997,126.32291666666667
2025-08-05 00:00:00+00:00,38.354166666666664,123.29166666666667,51.94375,11.771428571428572,0.615625,11.413020833333334,30.769270833333334,72.48958333333333,0.34739583333333335,133.36458333333334
2025-08-06 00:00:00+00:00,35.5,136.375,41.97604166666667,13.384912854030501,0.5891145833333333,11.203125,31.389583333333334,68.58333333333333,0.33229166666666665,133.94791666666666
2025-08-07 00:00:00+00:00,50.791666666666664,252.75,48.00208333333333,29.4640625,0.7233854166666666,15.628645833333335,32.1,64.13541666666667,0.44375000000000003,156.3125
2025-08-08 00:00:00+00:00,60.677083333333336,294.8333333333333,42.70885416666667,22.336458333333336,0.5644791666666666,14.763194444444444,32.353125,61.552083333333336,0.45,203.0
2025-08-09 00:00:00+00:00,29.8125,95.65151515151516,39.883854166666666,41.16979166666667,0.7209374999999999,17.943287037037038,28.384375000000002,86.98958333333333,0.37083333333333335,121.01041666666667
2025-08-10 00:00:00+00:00,53.625,137.02083333333334,51.17083333333333,18.757233187134503,0.7694791666666667,20.116666666666667,30.565625,77.33333333333333,0.303125,136.86458333333334
2025-08-11 00:00:00+00:00,45.5,162.95833333333334,43.48229166666667,25.755208333333332,0.6224479166666667,23.093055555555555,31.145833333333332,71.02083333333333,0.38229166666666664,155.70833333333334
2025-08-12 00:00:00+00:00,53.92512077294686,125.11835748792271,49.44739583333333,30.227604166666666,0.7283333333333334,16.238368055555558,30.473958333333332,77.0625,0.32916666666666666,157.66666666666666
2025-08-13 00:00:00+00:00,61.916666666666664,190.08333333333334,50.15416666666667,25.340104166666666,0.9563333333333334,19.936979166666667,31.731770833333332,70.02083333333333,0.315625,176.22395833333334
2025-08-14 00:00:00+00:00,49.468531468531474,80.51748251748252,48.25416666666666,61.09270833333333,0.7864270833333333,16.825520833333332,29.365624999999998,85.34375,0.38125000000000003,205.80208333333334
2025-08-15 00:00:00+00:00,68.98840048840049,98.17132867132868,44.36041666666667,11.084641873278237,0.8053645833333333,18.035416666666666,29.391666666666666,86.22916666666667,0.32083333333333336,193.6875
2025-08-16 00:00:00+00:00,62.25,97.41666666666667,36.4828125,16.367708333333333,0.9753124999999999,20.941145833333334,30.619791666666668,81.08333333333333,0.453125,154.29166666666666
2025-08-17 00:00:00+00:00,53.875,93.77083333333333,45.44427083333333,35.764583333333334,0.7978125,14.791145833333333,30.60625,78.57291666666667,0.47812499999999997,195.36458333333334
2025-08-18 00:00:00+00:00,58.958333333333336,109.4375,37.20729166666667,29.48125,0.7712500000000001,13.753124999999999,31.01770833333333,75.78125,0.875,181.11458333333334
2025-08-19 00:00:00+00:00,55.25,111.33333333333333,38.278124999999996,25.744791666666668,0.7796875,16.584895833333334,31.436458333333334,74.4375,0.6791666666666667,162.29166666666666
2025-08-20 00:00:00+00:00,44.820389266817834,94.359375,25.592057291666666,,1.0016443452380952,15.469593253968254,31.390873015873016,69.06547619047619,1.3679563492063493,188.9965277777778
2025-08-21 00:00:00+00:00,55.083333333333336,118.22916666666667,24.461458333333336,,1.6458333333333333,14.705729166666666,30.305208333333336,68.27083333333333,0.990625,147.67708333333334
2025-08-22 00:00:00+00:00,82.45833333333333,174.75,35.72083333333333,,1.9218229166666667,18.370833333333334,29.866666666666664,72.52083333333333,0.36562500000000003,152.45833333333334
2025-08-23 00:00:00+00:00,47.979166666666664,103.50520833333333,25.983854166666664,,1.6291666666666667,12.591666666666667,28.1953125,75.52604166666667,0.7463541666666668,159.75520833333334
2025-08-24 00:00:00+00:00,36.833333333333336,77.33574879227054,23.030208333333334,26.957291666666666,1.6488541666666665,8.074479166666666,26.575,77.58333333333333,0.75,174.125
2025-08-25 00:00:00+00:00,36.891304347826086,66.04830917874396,21.169791666666665,27.08125,1.6558541666666666,8.517708333333333,25.964583333333334,80.33333333333333,1.5833333333333333,188.84375
2025-08-26 00:00:00+00:00,40.91414141414141,70.67874396135265,21.278125,34.44375,1.7207083333333333,8.569791666666667,26.057291666666668,82.58333333333333,1.2,152.52083333333334
2025-08-27 00:00:00+00:00,52.645833333333336,100.83333333333333,27.775000000000002,23.192708333333332,2.021354166666667,9.03923611111111,26.184375,81.89583333333333,0.4354166666666666,136.35416666666666
2025-08-28 00:00:00+00:00,85.47916666666667,156.75,29.067708333333332,25.746875,2.1597916666666666,9.598958333333334,27.592708333333334,74.75,0.7239583333333334,145.03125
2025-08-29 00:00:00+00:00,60.99553140096618,91.1206797235023,27.038783212560386,32.19833877995643,1.794725806451613,14.419633942286591,26.333054915514595,84.43913210445469,0.7358246927803379,183.80145929339477
2025-08-30 00:00:00+00:00,51.245726495726494,,23.856145833333333,24.6575,,,,,,
2025-08-31 00:00:00+00:00,45.4375,84.6875,23.885416666666668,33.03958333333333,1.5767708333333335,8.738541666666666,26.489583333333332,79.29166666666667,0.7687499999999999,170.05208333333334
2025-09-01 00:00:00+00:00,24.77053140096618,50.26256613756614,19.689583333333335,26.220312500000002,1.5180729166666669,11.14546130952381,25.831770833333334,83.85416666666667,1.6572916666666666,181.96354166666666
2025-09-02 00:00:00+00:00,16.412863756613756,31.624338624338623,15.186363636363637,,1.4450378787878788,11.03811553030303,26.28297101449275,85.24124053030303,1.7597064393939392,212.97135416666669
2025-09-03 00:00:00+00:00,40.46135265700483,70.3671497584541,21.41979166666667,,1.621875,11.032291666666666,25.604166666666668,83.52083333333333,0.55625,170.98958333333334
2025-09-04 00:00:00+00:00,46.8125,76.85416666666667,19.641145833333333,,1.6553125,19.7390625,26.620833333333334,80.39583333333333,0.4979166666666666,199.73958333333334
2025-09-05 00:00:00+00:00,50.5,92.75,21.421354166666664,,1.6656250000000001,12.928645833333334,26.679166666666664,78.00520833333333,1.1828125,199.18229166666666
2025-09-06 00:00:00+00:00,54.625,98.22916666666667,23.21666666666667,31.48125,1.7133854166666669,13.108333333333334,27.11145833333333,77.13541666666667,0.775,167.16666666666666
2025-09-07 00:00:00+00:00,46.6875,89.85416666666667,23.227083333333336,23.984375,1.6866666666666665,11.359895833333333,26.56458333333333,79.5,0.7041666666666666,187.34375
2025-09-08 00:00:00+00:00,69.1875,139.33333333333334,24.1953125,28.06041666666667,1.7882291666666665,14.032291666666666,27.719791666666666,71.4375,0.4510416666666666,183.60416666666666
2025-09-09 00:00:00+00:00,61.145833333333336,142.703125,26.526041666666668,36.465624999999996,1.5591145833333335,7.189583333333334,28.277083333333334,67.86458333333333,0.31875000000000003,158.32291666666666
2025-09-10 00:00:00+00:00,39.625,87.25,31.24427083333333,30.296354166666664,1.3998437499999998,6.329166666666667,28.253645833333334,68.234375,0.44687499999999997,161.890625
2025-09-11 00:00:00+00:00,53.75,128.91666666666666,29.05260416666667,31.061458333333334,1.4228125,6.423958333333334,27.804166666666664,64.57291666666667,0.4197916666666666,177.21875
2025-09-12 00:00:00+00:00,70.75,191.54166666666666,30.64375,24.26354166666667,1.5389583333333334,5.520833333333333,27.844791666666666,64.77083333333333,0.3385416666666667,199.64583333333334
2025-09-13 00:00:00+00:00,81.41666666666667,236.91666666666666,30.960416666666664,17.694791666666667,1.6089583333333335,4.645833333333333,28.442708333333332,63.895833333333336,0.309375,155.34375
2025-09-14 00:00:00+00:00,111.41666666666667,327.1666666666667,38.615625,25.631249999999998,1.8770833333333332,3.6359375000000003,28.483333333333334,64.42708333333333,0.3145833333333333,187.67708333333334
2025-09-15 00:00:00+00:00,86.7974537037037,330.57986111111114,37.49583333333333,30.297685185185188,1.9085416666666666,4.2562500000000005,28.993750000000002,60.322916666666664,0.33958333333333335,176.59375
2025-09-16 00:00:00+00:00,58.958333333333336,264.3802083333333,35.0765625,17.989583333333332,1.7445833333333332,6.107291666666666,28.993229166666666,61.776041666666664,0.35781250000000003,169.46875
2025-09-17 00:00:00+00:00,54.833333333333336,150.33333333333334,40.72864583333333,21.462500000000002,1.7604166666666667,7.9359375000000005,27.802083333333332,70.8125,0.41041666666666665,189.33333333333334
2025-09-18 00:00:00+00:00,54.75,159.70833333333334,42.27291666666667,26.39375,1.7984375000000001,5.652604166666666,27.846875,70.0,0.38749999999999996,192.01041666666666
2025-09-19 00:00:00+00:00,74.0625,232.83333333333334,34.050000000000004,29.693749999999998,1.9326041666666667,6.59375,28.633333333333336,66.53125,0.31354166666666666,139.82291666666666
2025-09-20 00:00:00+00:00,53.4375,242.0,32.38229166666667,19.522916666666667,1.8133333333333335,11.018749999999999,28.62291666666667,64.5625,0.3416666666666666,182.0625
2025-09-21 00:00:00+00:00,83.77083333333333,274.4166666666667,33.3203125,32.7125,1.7500208333333334,7.881770833333333,28.719791666666666,61.395833333333336,0.340625,209.55208333333334
2025-09-22 00:00:00+00:00,94.23874577153266,328.8164251207729,32.458333333333336,20.885416666666668,1.6236249999999999,7.990104166666666,28.891666666666666,59.427083333333336,0.35520833333333335,185.32291666666666
2025-09-23 00:00:00+00:00,,331.7395833333333,33.23645833333333,25.49791666666667,1.5718750000000001,10.466666666666667,28.75,55.135416666666664,0.39999999999999997,215.5
2025-09-24 00:00:00+00:00,45.895833333333336,305.7083333333333,33.447916666666664,27.90625,1.6435416666666667,10.952083333333334,28.445833333333336,56.510416666666664,0.3729166666666666,163.73958333333334
2025-09-25 00:00:00+00:00,46.55225752508361,304.0416666666667,33.8890625,27.94427083333333,1.5767708333333335,11.743749999999999,28.45520833333333,58.65625,0.346875,148.71875
2025-09-26 00:00:00+00:00,38.244791666666664,180.0,30.292708333333334,17.157441471571907,1.546105324074074,14.334375,28.628125,59.713541666666664,0.33749999999999997,180.42708333333334
2025-09-27 00:00:00+00:00,91.6875,245.875,27.16060606060606,35.340624999999996,1.561287878787879,17.17481884057971,29.228125000000002,60.40625,0.3729166666666666,137.01041666666666
2025-09-28 00:00:00+00:00,46.10353535353536,130.5625,19.319270833333334,19.173958333333335,1.0248437499999998,6.739895833333333,29.495833333333334,59.770833333333336,0.9833333333333334,182.58333333333334
2025-09-29 00:00:00+00:00,33.5,114.08333333333333,17.1203125,27.061130952380957,1.0263020833333334,4.293301820728291,29.241666666666664,59.78125,0.5447916666666667,205.97916666666666
2025-09-30 00:00:00+00:00,45.458333333333336,154.27083333333334,20.620833333333334,35.22430555555555,1.10953125,2.3301010101010102,25.569791666666664,73.25,0.48541666666666666,188.08333333333334
2025-10-01 00:00:00+00:00,48.479166666666664,148.31770833333334,21.155729166666667,15.726099537037037,1.2046875000000001,5.176432291666667,26.709895833333334,69.73958333333333,0.30416666666666664,127.80208333333333
2025-10-02 00:00:00+00:00,53.833333333333336,136.66666666666666,16.453125,62.24930555555556,1.1247916666666666,2.5941840277777777,26.71875,73.20833333333333,0.46458333333333335,152.82291666666666
2025-10-03 00:00:00+00:00,42.166666666666664,116.45833333333333,18.178645833333334,27.46875,1.23421875,1.7953124999999999,26.775000000000002,69.98958333333333,0.34791666666666665,218.41666666666666
2025-10-04 00:00:00+00:00,90.75,212.375,21.79479166666667,17.140625,1.2364583333333334,2.4127893518518517,27.295833333333334,66.54166666666667,0.30624999999999997,148.26041666666666
2025-10-05 00:00:00+00:00,76.39583333333333,275.8333333333333,23.911458333333332,27.675891666666665,1.4433333333333334,4.9484375,27.098958333333332,65.22916666666667,0.33541666666666664,119.53125
2025-10-06 00:00:00+00:00,43.0,107.70833333333333,20.690625,63.35760869565218,1.0704166666666668,3.541145833333333,23.267708333333335,79.10416666666667,0.484375,140.42708333333334
2025-10-07 00:00:00+00:00,30.375,60.375,20.263541666666665,55.64982638888889,1.0901041666666667,9.784375,23.415625000000002,78.72916666666667,0.6739583333333333,201.69791666666666
2025-10-08 00:00:00+00:00,55.708333333333336,120.20833333333333,23.805208333333336,20.431770833333335,1.2319791666666666,14.826041666666667,23.266666666666666,78.02083333333333,0.325,152.125
2025-10-09 00:00:00+00:00,39.583333333333336,137.25,23.89270833333333,42.518750000000004,1.1968750000000001,21.652083333333334,24.306250000000002,68.41666666666667,0.30624999999999997,114.4375
2025-10-10 00:00:00+00:00,65.04166666666667,265.6666666666667,28.84166666666667,19.089583333333334,1.2709375,30.269791666666666,24.222916666666666,63.770833333333336,0.3020833333333333,157.44791666666666
2025-10-11 00:00:00+00:00,90.79166666666667,348.1666666666667,29.60104166666667,16.986458333333335,1.5605208333333334,22.66875,24.460416666666664,66.63541666666667,0.3125,190.85416666666666
2025-10-12 00:00:00+00:00,72.20833333333333,361.9375,28.553124999999998,30.040625000000002,1.2841666666666667,32.025,25.316666666666666,59.4375,0.35833333333333334,155.26041666666666
2025-10-13 00:00:00+00:00,90.54166666666667,424.125,29.603125000000002,30.016666666666666,1.5578125,30.72447916666667,25.33020833333333,59.114583333333336,0.33958333333333335,144.75
2025-10-14 00:00:00+00:00,102.66666666666667,414.22556089743586,32.137499999999996,23.844791666666666,1.4727083333333333,31.869791666666668,25.346875,56.822916666666664,0.3416666666666666,166.23958333333334
2025-10-15 00:00:00+00:00,142.04166666666666,440.506993006993,33.18333333333333,,1.6610416666666667,18.020833333333332,25.10729166666667,55.307291666666664,0.30520833333333336,222.33333333333334
2025-10-16 00:00:00+00:00,136.65625,456.3863636363636,34.557291666666664,31.215104166666666,2.152875,18.719791666666666,24.84583333333333,60.0,0.31145833333333334,246.11458333333334
2025-10-17 00:00:00+00:00,136.75520833333334,446.3125,33.401041666666664,41.275,2.1055625,17.330208333333335,25.21875,61.96875,0.33749999999999997,206.25
2025-10-18 00:00:00+00:00,162.25,519.9734299516908,33.463541666666664,30.716145833333332,2.1605208333333334,16.798437500000002,25.678124999999998,63.09375,0.3260416666666667,147.30208333333334
2025-10-19 00:00:00+00:00,245.66666666666666,525.0161943319838,35.55833333333333,58.244791666666664,2.1230208333333334,13.469791666666666,25.91979166666667,62.072916666666664,0.33125,164.70833333333334
2025-10-20 00:00:00+00:00,236.8761244377811,446.6643274853801,52.62083333333334,25.631770833333334,2.03125,11.771354166666667,25.686458333333334,60.53125,0.4041666666666666,233.6875
2025-10-21 00:00:00+00:00,214.73684210526315,381.8421052631579,60.6,19.640625,1.7680208333333336,20.462500000000002,26.676041666666666,61.9375,0.38125000000000003,173.28125
2025-10-22 00:00:00+00:00,253.04166666666666,529.4251207729468,76.87291666666667,18.916666666666668,2.0460416666666665,21.900000000000002,26.545833333333334,63.5,0.30416666666666664,170.26041666666666
2025-10-23 00:00:00+00:00,185.16666666666666,494.35294117647055,84.39375,22.315625,2.1134375,23.29895833333333,25.11145833333333,55.791666666666664,0.32708333333333334,184.07291666666666
2025-10-24 00:00:00+00:00,189.16666666666666,469.015479876161,88.21770833333333,22.03125,2.5955208333333335,20.952083333333334,23.735416666666666,61.229166666666664,0.4166666666666667,191.60416666666666
2025-10-25 00:00:00+00:00,237.81770833333334,560.6839464882943,99.83958333333334,25.649479166666666,3.2986458333333335,21.678645833333334,24.183333333333334,61.479166666666664,0.38125000000000003,224.34375
2025-10-26 00:00:00+00:00,219.95833333333334,509.0,80.13125000000001,34.16770833333333,3.664739583333333,23.208333333333332,24.182291666666668,60.854166666666664,0.34270833333333334,148.9375
2025-10-27 00:00:00+00:00,198.5,434.3333333333333,64.62708333333333,33.947916666666664,2.630729166666667,21.103125000000002,23.709374999999998,61.604166666666664,0.5052083333333334,122.0
2025-10-28 00:00:00+00:00,142.875,264.25,60.15833333333333,25.863541666666666,2.0085416666666664,22.838541666666668,23.339583333333334,61.520833333333336,0.39375,152.95833333333334
2025-10-29 00:00:00+00:00,204.96354166666666,367.8072916666667,66.82187499999999,29.532291666666666,2.7218750000000003,24.425,23.561458333333334,66.57291666666667,0.30624999999999997,177.40625
2025-10-30 00:00:00+00:00,233.0,395.9166666666667,72.59479166666667,39.165625,2.4267708333333333,19.972916666666666,23.667708333333334,70.80208333333333,0.3645833333333333,239.64583333333334
2025-10-31 00:00:00+00:00,113.6875,225.04166666666666,71.846875,39.844791666666666,2.935885416666667,20.002083333333335,24.717708333333334,73.22916666666667,0.32083333333333336,187.97916666666666
2025-11-01 00:00:00+00:00,212.02083333333334,381.9947916666667,87.30624999999999,42.600520833333334,3.6321875,23.59947916666667,24.086979166666666,66.54166666666667,0.3541666666666667,181.94791666666666
2025-11-02 00:00:00+00:00,216.58333333333334,390.4166666666667,90.81875000000001,18.040625000000002,3.872135416666667,25.063541666666666,24.040625000000002,57.135416666666664,0.3239583333333333,194.53125
2025-11-03 00:00:00+00:00,227.125,444.0416666666667,96.44375000000001,13.826041666666667,3.01984375,25.31041666666667,23.472916666666666,56.84375,0.7885416666666667,185.125
2025-11-04 00:00:00+00:00,170.5,388.0833333333333,80.70520833333333,30.815625,3.7327552083333337,20.238541666666666,24.089583333333334,60.395833333333336,0.6572916666666667,181.8125
2025-11-05 00:00:00+00:00,116.5,233.5,59.677083333333336,30.583333333333332,2.6502083333333335,21.186458333333334,24.509375000000002,60.510416666666664,0.5114583333333333,166.52083333333334
2025-11-06 00:00:00+00:00,165.125,299.5833333333333,81.65416666666667,29.223958333333332,2.8645833333333335,34.682291666666664,22.445833333333336,47.40625,0.48333333333333334,148.20833333333334
2025-11-07 00:00:00+00:00,238.83333333333334,408.0833333333333,102.96666666666665,36.229166666666664,3.2521875,41.49791666666667,22.25,47.520833333333336,0.43645833333333334,130.48958333333334
2025-11-08 00:00:00+00:00,303.2916666666667,466.07971014492756,127.90416666666665,39.665625,3.681770833333333,44.415990259740255,21.835416666666664,47.666666666666664,1.4000000000000001,161.20833333333334
2025-11-09 00:00:00+00:00,250.04166666666666,410.375,138.578125,43.76145833333334,3.5796875,38.327083333333334,22.083333333333332,49.020833333333336,1.4114583333333333,134.48958333333334
2025-11-10 00:00:00+00:00,304.2083333333333,486.75,151.08333333333334,47.58958333333334,4.272916666666666,34.169270833333336,21.43541666666667,53.1875,0.9,130.09375
2025-11-11 00:00:00+00:00,350.625,560.375,158.8375,48.42291666666667,3.5611458333333332,18.066666666666666,18.669791666666665,54.541666666666664,0.6989583333333332,93.64583333333333
2025-11-12 00:00:00+00:00,346.1197916666667,538.8125,138.96822916666667,51.401562500000004,3.54734375,13.353154761904761,18.584895833333334,53.739583333333336,0.6359374999999999,144.48958333333334
2025-11-13 00:00:00+00:00,324.6038647342995,548.5030193236715,133.23385416666667,47.27552083333333,3.0058333333333334,12.358773291925468,18.056250000000002,57.333333333333336,0.47083333333333327,182.671875
2025-11-14 00:00:00+00:00,267.76666666666665,474.76515151515156,109.52897727272726,38.64772727272727,3.419458333333333,6.29030303030303,17.791515151515153,57.425,0.43958333333333327,165.92954545454543
2025-11-15 00:00:00+00:00,268.640625,471.0416666666667,116.8875,38.16041666666667,3.4079166666666665,6.594791666666667,18.025000000000002,55.9375,0.7614583333333332,207.15625
2025-11-16 00:00:00+00:00,275.78125,458.0833333333333,112.60729166666665,45.15416666666667,3.146875,5.943229166666666,18.011458333333334,54.958333333333336,0.31354166666666666,182.16666666666666
2025-11-17 00:00:00+00:00,254.83333333333334,454.2083333333333,110.61145833333335,48.00625,3.2646875000000004,6.76875,17.835416666666667,57.197916666666664,0.7552083333333334,237.08333333333334
2025-11-18 00:00:00+00:00,277.2083333333333,491.5416666666667,128.00104166666668,42.833333333333336,4.5021875,5.922916666666667,17.858333333333334,66.15625,0.8302083333333333,268.0729166666667
2025-11-19 00:00:00+00:00,317.375,545.9791666666666,138.04166666666666,45.04583333333333,4.221979166666666,6.441145833333334,18.326041666666665,65.96875,0.3489583333333333,222.65625
2025-11-20 00:00:00+00:00,281.8958333333333,504.25,137.36666666666667,46.84166666666667,4.113020833333334,9.6421875,18.360416666666666,67.4375,0.3072916666666667,146.9375
2025-11-21 00:00:00+00:00,302.5833333333333,519.2916666666666,109.13020833333333,51.09166666666667,4.717708333333333,17.744791666666668,18.527083333333334,69.55208333333333,0.30416666666666664,187.07291666666666
2025-11-22 00:00:00+00:00,295.6666666666667,506.7916666666667,129.00312499999998,52.975,4.211145833333333,17.838541666666668,18.294791666666665,68.46875,0.3,148.75
2025-11-23 00:00:00+00:00,351.0416666666667,554.5120772946859,148.47916666666666,53.78541666666666,4.5359375,17.427083333333332,17.888541666666665,66.32291666666667,0.5031249999999999,196.33333333333334
2025-11-24 00:00:00+00:00,277.5833333333333,476.3333333333333,126.01666666666667,33.102604166666666,3.9104166666666664,17.966666666666665,17.621651785714285,66.42912946428571,0.7310825892857142,146.37034970238093
2025-11-25 00:00:00+00:00,236.95833333333334,421.8958333333333,117.88445652173912,46.24791666666667,3.318171875,15.215178571428572,,,,
2025-11-26 00:00:00+00:00,214.91145833333334,388.65625,103.77395833333333,44.98489583333333,4.52625,14.518923611111111,17.606770833333332,60.75,1.2630208333333333,136.69270833333334
2025-11-27 00:00:00+00:00,307.66183574879227,512.9401709401709,102.77187500000001,58.44590301003344,1.7307291666666667,18.192708333333332,17.164583333333333,62.020833333333336,1.6468749999999999,217.88541666666666
2025-11-28 00:00:00+00:00,260.65625,421.09659090909093,102.35052083333333,59.39739583333333,3.1802272727272727,18.071354166666666,17.367708333333333,63.567708333333336,1.2874999999999999,196.36458333333334
2025-11-29 00:00:00+00:00,142.25,274.75,93.70833333333333,69.03628747795415,2.2105729166666666,18.173958333333335,18.0125,53.625,0.41875,119.1875
2025-11-30 00:00:00+00:00,147.29166666666666,286.0,104.31458333333335,,2.81125,18.586979166666666,17.022916666666667,52.416666666666664,1.0510416666666667,98.78125
2025-12-01 00:00:00+00:00,215.69791666666666,394.28125,106.20989583333333,103.94637681159419,3.68390625,18.54375,16.493229166666666,56.114583333333336,2.0390625,135.85416666666666
2025-12-02 00:00:00+00:00,272.9166666666667,468.4583333333333,112.73854166666666,,3.1754166666666666,15.067534722222222,17.334374999999998,55.59375,1.7291666666666667,216.5625
2025-12-03 00:00:00+00:00,191.41666666666666,330.0625,87.53645833333333,44.401041666666664,2.974479166666667,13.26345029239766,16.323958333333334,56.083333333333336,1.2010416666666666,253.5625
2025-12-04 00:00:00+00:00,171.45833333333334,304.4166666666667,86.14791666666667,30.855208333333334,2.9840625000000003,14.270183000604963,16.105208333333334,55.354166666666664,0.39375,234.53125
2025-12-05 00:00:00+00:00,207.79166666666666,351.1666666666667,106.29270833333334,35.376041666666666,3.448229166666667,15.97278409090909,16.005208333333332,59.3125,0.3,204.70833333333334
2025-12-06 00:00:00+00:00,185.58333333333334,318.9583333333333,103.61979166666667,38.645833333333336,2.9017708333333334,13.44353354978355,16.95625,53.979166666666664,0.3083333333333333,139.38541666666666
2025-12-07 00:00:00+00:00,181.375,311.375,100.3625,47.978125,2.4303125,5.426299283154122,17.275000000000002,54.833333333333336,0.3020833333333333,145.71354166666666
2025-12-08 00:00:00+00:00,176.20833333333334,316.0416666666667,99.30104166666666,36.58541666666667,2.4787500000000002,9.51500496031746,17.568749999999998,53.645833333333336,0.3,173.4375
2025-12-09 00:00:00+00:00,153.66666666666666,298.734375,94.43333333333334,29.76875,2.487083333333333,16.054166666666667,17.353125000000002,53.489583333333336,0.30520833333333336,170.0625
2025-12-10 00:00:00+00:00,131.91666666666666,267.7083333333333,82.440625,22.854166666666668,2.396145833333333,15.922395833333333,17.363541666666666,53.041666666666664,0.303125,171.22916666666666
2025-12-11 00:00:00+00:00,213.625,377.5833333333333,93.02395833333333,17.120833333333334,3.5852083333333336,16.1875,17.091666666666665,61.645833333333336,0.315625,257.125
2025-12-12 00:00:00+00:00,337.5072463768116,508.0157342657343,101.63333333333333,19.076041666666665,4.729479166666667,16.025000000000002,16.882291666666667,65.73958333333333,0.30104166666666665,209.83333333333334
2025-12-13 00:00:00+00:00,465.0208333333333,648.5724637681159,97.12135416666666,12.8125,5.056614583333333,16.599999999999998,16.721354166666668,71.75,0.3770833333333334,221.36979166666666
2025-12-14 00:00:00+00:00,458.71241830065355,644.965467968564,89.05416666666667,10.020312500000001,5.628541666666667,15.113541666666668,16.772916666666667,77.26041666666667,0.33437500000000003,208.83333333333334
2025-12-15 00:00:00+00:00,355.7083333333333,494.9166666666667,91.609375,14.183125,4.245,14.880208333333334,16.650000000000002,73.85416666666667,0.3125,213.85416666666666
2025-12-16 00:00:00+00:00,194.125,321.9791666666667,76.74374999999999,19.303665413533835,2.2280208333333333,14.264583333333334,17.346875,61.3125,0.3177083333333333,210.15625
2025-12-17 00:00:00+00:00,241.29166666666666,404.0416666666667,71.8484375,26.599999999999998,2.44296875,12.330729166666666,17.055208333333333,65.94791666666667,0.309375,155.09077380952382
2025-12-18 00:00:00+00:00,346.0833333333333,521.0833333333334,49.64895833333333,19.792103174603174,3.0036458333333336,11.195833333333333,15.055208333333333,83.39583333333333,0.3677083333333333,131.11458333333334
2025-12-19 00:00:00+00:00,283.625,434.1458333333333,66.21145833333334,14.609732142857144,3.4469791666666665,10.104166666666666,15.884375,76.36458333333333,0.30520833333333336,119.86458333333333
2025-12-20 00:00:00+00:00,386.5416666666667,524.4791666666666,49.95104166666667,82.5625,4.09625,11.264583333333334,13.972916666666668,85.73958333333333,0.6489583333333333,136.47916666666666
2025-12-21 00:00:00+00:00,260.875,370.7083333333333,44.24166666666667,16.65462454212454,2.3517708333333336,10.879166666666668,14.948958333333332,81.375,0.44375000000000003,135.16666666666666
2025-12-22 00:00:00+00:00,333.4583333333333,520.0625,63.77708333333334,19.924280303030304,3.2277083333333336,9.917708333333334,15.191666666666668,79.58333333333333,0.35312499999999997,132.89583333333334
2025-12-23 00:00:00+00:00,292.8125,429.2916666666667,63.637499999999996,32.9,3.2834375,10.264583333333333,16.152083333333334,74.09375,0.30624999999999997,156.35416666666666
2025-12-24 00:00:00+00:00,132.20833333333334,289.375,50.9375,24.626041666666666,2.189270833333333,9.269791666666666,16.338541666666668,65.61458333333333,0.3645833333333333,146.17708333333334
2025-12-25 00:00:00+00:00,205.95833333333334,389.03246753246754,63.153124999999996,30.952083333333334,2.7964583333333333,9.520287698412698,15.762500000000001,64.82291666666667,0.3072916666666667,188.36458333333334
2025-12-26 00:00:00+00:00,335.1458333333333,473.4318181818182,54.79583333333333,27.460416666666664,3.3934374999999997,9.18125,15.522916666666667,71.35416666666667,0.3145833333333333,175.82291666666666
2025-12-27 00:00:00+00:00,340.0208333333333,515.9583333333334,60.574999999999996,28.835416666666664,2.6446875,9.706249999999999,15.355208333333332,73.07291666666667,0.3239583333333333,180.73958333333334
2025-12-28 00:00:00+00:00,372.125,568.6666666666666,58.74583333333334,25.14270833333333,3.8524999999999996,9.833854166666667,15.297916666666666,75.76041666666667,0.30520833333333336,174.47916666666666
2025-12-29 00:00:00+00:00,357.8958333333333,496.0833333333333,54.95416666666667,19.501041666666666,2.891875,10.615625,14.477083333333333,81.66666666666667,0.33749999999999997,189.38541666666666
2025-12-30 00:00:00+00:00,359.4305555555556,502.54180602006693,127.9984477124183,22.76388888888889,3.1882390873015876,8.290625,14.726041666666667,77.21875,0.309375,154.82291666666666
2025-12-31 00:00:00+00:00,310.69565217391306,402.60869565217394,25.005208333333332,21.837500000000002,2.8545833333333337,4.964583333333334,13.322916666666666,87.39583333333333,0.3,169.0
