pm25,pm10,no2,so2,co,ozone,temp,humidity,wind_speed,wind_dir,date,no2_trop,co_trop
201.70833333333331,340.453125,56.39791666666667,8.6796875,1.600833333333333,17.028645833333332,11.809895833333334,75.34375,0.4114583333333333,59.817708333333336,2024-01-01,0.0002056908454645,0.0569368719188246
195.90625,322.4166666666667,62.584375,18.880729166666665,1.7713541666666668,17.979166666666668,11.538541666666667,72.11458333333333,0.5437500000000001,54.177083333333336,2024-01-02,0.0002328056369719,0.0437725101790536
247.09375,360.0416666666667,71.01718749999999,15.338278546712802,2.1821875,15.513541666666669,10.745833333333332,84.65625,0.5109374999999999,37.76041666666666,2024-01-03,,0.0558560562308604
274.0625,436.21875,71.07083333333334,10.079166666666667,1.8563541666666667,14.377083333333331,11.54375,81.26041666666667,0.31875,96.4375,2024-01-04,,
218.28125,345.9791666666667,59.13125,11.380729166666669,2.2047916666666665,15.246875,12.008333333333333,84.875,0.3218749999999999,51.01041666666666,2024-01-05,,
223.30208333333331,376.5416666666667,68.65208333333334,18.995833333333334,3.5675000000000003,14.941666666666668,11.71875,78.78125,0.3854166666666667,44.38541666666666,2024-01-06,,0.0431526864345199
214.33333333333331,357.84375,75.71458333333334,8.182638888888889,3.5453125,17.227083333333333,12.201041666666669,74.78125,0.3947916666666666,61.26041666666666,2024-01-07,0.0002434543296006,0.0586316809058167
331.125,531.5625,81.5859375,15.816145833333332,4.107291666666667,15.232291666666669,11.527083333333332,80.91666666666667,0.3833333333333333,37.85416666666666,2024-01-08,0.0003859685851573,0.057905415877712
184.91666666666663,303.9895833333333,57.75104166666667,10.615104166666669,3.86,15.325,11.623958333333334,80.97916666666667,0.4427083333333333,91.48958333333331,2024-01-09,,0.0444329269230349
177.28125,304.9375,58.190625,12.547395833333333,4.559375,16.990624999999998,11.038541666666667,77.80208333333333,0.521875,122.64583333333331,2024-01-10,0.0001665884535818,0.0440483055317422
229.36458333333331,375.2083333333333,75.83072916666667,17.8328125,3.954322916666667,19.525,11.711979166666666,74.67708333333333,0.3630208333333333,99.453125,2024-01-11,0.0002096211761672,0.0497747845947724
253.5625,392.3697916666667,87.00104166666667,8.719270833333333,3.628958333333333,18.48645833333333,11.565625,76.6875,0.33125,73.72916666666667,2024-01-12,0.0003538849705364,0.052927836983216
408.1750679250679,584.8310975609756,114.775,23.1234375,4.2022916666666665,25.519791666666663,10.984375,81.9375,0.4135416666666666,38.677083333333336,2024-01-13,0.0004968993917728,
357.125,546.5625,91.7568316564858,21.4578125,4.900729166666667,28.183333333333334,11.286458333333334,79.73958333333333,0.3531249999999999,75.70833333333333,2024-01-14,0.0002673965938142,0.0477039981147206
238.57291666666663,405.9583333333333,102.32386363636364,23.964583333333334,5.0971875,23.272916666666664,11.815625,74.46875,0.3447916666666666,57.03125,2024-01-15,,0.0423233207092972
294.9166666666667,409.9479166666667,80.13958333333333,,4.095364583333334,19.357291666666665,10.76875,83.5625,0.8489583333333334,40.864583333333336,2024-01-16,,0.0502993911504726
226.15625,338.0729166666667,71.07916666666667,3.877725694444445,0.7913541666666667,17.007291666666667,11.4625,75.55208333333333,0.6,46.645833333333336,2024-01-17,0.0002858345825173,
199.32291666666663,308.9583333333333,69.15729166666667,,0.4433482142857143,16.066666666666666,11.505208333333334,79.75,0.5083333333333333,52.54166666666666,2024-01-18,0.0004049137674426,0.0536796455238201
207.484375,312.3958333333333,61.4703125,10.597916666666666,0.3975111607142856,15.25625,10.897395833333334,82.38541666666667,0.6739583333333333,50.927083333333336,2024-01-19,,0.04817721229364
200.34895833333331,335.84375,77.70208333333333,16.022395833333334,1.3050657894736843,17.276041666666668,11.8625,73.74479166666667,0.48125,59.364583333333336,2024-01-20,0.0003524662540244,0.0587927269545085
212.08333333333331,331.7604166666667,78.840625,,1.4904166666666667,15.322916666666666,11.204166666666666,80.97916666666667,0.3864583333333333,100.59375,2024-01-21,0.0001598390439176,0.0500289276242237
238.80208333333331,373.4166666666667,61.97083333333333,12.826041666666669,1.2153125,15.598958333333334,11.245833333333332,75.72916666666667,0.6437499999999999,44.28125,2024-01-22,0.0002870061523745,
256.9791666666667,416.8072916666667,79.675,15.01875,1.2583333333333333,14.46875,11.422916666666666,79.6875,0.6989583333333332,50.583333333333336,2024-01-23,0.0003572971855638,0.0656206811350305
286.2395833333333,468.484375,86.38333333333333,14.409375,1.2657291666666668,14.344791666666666,11.592708333333334,77.5625,0.35,51.75,2024-01-24,0.0001998172250139,0.0577735483206923
263.8958333333333,449.4583333333333,103.034375,16.493750000000002,1.4209375,14.682291666666666,11.3375,78.47916666666667,0.4312499999999999,59.395833333333336,2024-01-25,,0.0549686321123327
383.8229166666667,575.25,128.728125,7.696682098765432,2.1726041666666664,16.919791666666665,12.385416666666666,75.29166666666667,0.3427083333333333,40.3125,2024-01-26,0.0003590264883463,0.071922863411966
201.46875,397.71875,132.41875000000002,,,15.123958333333334,13.463541666666666,65.54166666666667,0.5416666666666666,87.28125,2024-01-27,0.0001153861164076,0.0412445589900001
312.7291666666667,517.6666666666666,141.009375,11.353108465608464,,25.495833333333334,12.078125,77.96875,0.8458333333333333,55.427083333333336,2024-01-28,,
235.90104166666663,406.0364583333333,84.94895833333334,11.886458333333332,,16.094791666666666,13.09375,75.86458333333333,0.440625,52.16666666666666,2024-01-29,0.0001904786955953,0.0664718272085285
289.84375,462.8020833333333,93.009375,26.994722222222222,0.6217738791423002,15.352083333333333,12.791666666666666,83.38541666666667,0.3374999999999999,57.40625,2024-01-30,0.000353558441858,
267.8020833333333,354.0989583333333,96.21770833333332,15.084375,0.752445652173913,38.21875,12.779166666666669,88.05729166666667,0.584375,42.46875,2024-01-31,,
66.1875,96.8125,59.24583333333334,15.6046875,1.523125,15.711458333333333,13.785416666666668,84.64583333333333,1.4375,44.770833333333336,2024-02-01,,0.0433898195624335
103.94791666666669,200.05208333333331,75.72604166666666,14.452083333333334,2.3730208333333334,15.252083333333331,13.03125,81.1875,0.6135416666666667,91.98958333333331,2024-02-02,9.613742707403014e-05,
119.98958333333331,362.1458333333333,111.809375,14.740625,2.8586458333333336,15.8,14.078125,62.9375,0.378125,105.0,2024-02-03,,
139.35416666666666,236.13541666666663,82.31979166666666,,2.4152083333333336,22.525,14.594791666666666,79.75,0.7895833333333333,38.8125,2024-02-04,,
85.41666666666667,194.5,68.07187499999999,13.1015625,2.2002083333333333,18.665104166666666,14.991145833333334,78.25520833333333,0.4072916666666666,99.71875,2024-02-05,0.000105609442456,0.0396985910618552
81.63541666666667,258.3020833333333,77.24583333333334,17.957291666666666,1.8351041666666663,18.852083333333333,14.082291666666668,68.0625,0.5031249999999999,102.17708333333331,2024-02-06,8.899786725750103e-05,0.0388318039476857
78.76041666666667,243.27083333333331,70.93124999999999,17.985416666666666,1.3326041666666668,18.586458333333333,15.265625,58.47916666666666,0.8114583333333334,121.78125,2024-02-07,8.301735442670907e-05,0.0383077673025381
71.45833333333333,198.08854166666663,66.12395833333333,24.243229166666666,1.27625,18.266666666666666,16.111458333333335,58.94791666666666,1.0645833333333334,124.38541666666669,2024-02-08,6.130053952801744e-05,0.0392108295037078
93.40104166666669,297.17534722222223,114.74739583333331,31.11510416666667,1.8322916666666669,18.401041666666668,17.221354166666668,56.333333333333336,0.3697916666666667,121.94270833333331,2024-02-09,0.0001429879309576,0.0378121325070856
219.140625,443.3229166666667,115.26875,9.695833333333333,1.3238020833333333,29.0578125,16.893229166666668,65.921875,0.328125,61.083333333333336,2024-02-10,0.0002909528329716,
179.10416666666666,357.3125,112.68125,16.1828125,1.4282291666666669,18.897916666666667,17.046875,65.20833333333333,0.3072916666666667,74.41666666666667,2024-02-11,0.0001880667696241,0.044260231146547
190.42708333333331,375.6458333333333,120.89583333333331,24.40520833333333,2.0935416666666664,19.551041666666663,17.485416666666666,68.19791666666667,0.3229166666666667,50.04166666666666,2024-02-12,,
259.0,507.75,148.11770833333333,22.43125,2.9419791666666666,20.226041666666667,17.471875,70.33333333333333,0.3010416666666666,68.40625,2024-02-13,0.0007144853244839,
211.984375,424.2083333333333,123.05364583333332,7.096875,1.3852083333333336,19.565625,17.236979166666668,67.84895833333333,0.3125,127.58854166666669,2024-02-14,0.0001478517035805,0.0520552993823167
142.44791666666666,344.0833333333333,122.421875,10.646875,0.9823625578703704,19.4375,17.3984375,64.15104166666667,0.3729166666666666,107.41145833333331,2024-02-15,0.0001632228711503,0.0470176395173058
135.125,333.5729166666667,127.48645833333336,20.2859375,2.052760416666666,20.13958333333333,17.805208333333333,59.60416666666666,0.334375,91.78125,2024-02-16,,0.0353234573233968
141.73958333333334,406.6458333333333,159.33159722222223,17.7078125,3.515416666666667,19.480208333333334,18.26875,60.0,0.375,95.38541666666669,2024-02-17,0.0001354879153338,0.0396203510463223
173.51041666666666,414.7737268518519,157.20381944444446,15.838541666666666,4.3096875,19.576041666666665,19.257291666666667,59.21875,0.6322916666666667,54.44791666666666,2024-02-18,0.000145604909011,
99.484375,268.0520833333333,56.16614583333333,16.769791666666666,2.067239583333333,21.457291666666663,19.89375,57.411458333333336,2.13125,50.49479166666666,2024-02-19,9.224796383217492e-05,
121.18958333333336,264.25,83.01875,25.172395833333336,2.631666666666667,22.694791666666664,19.557291666666668,71.52083333333333,0.7677083333333333,36.10416666666666,2024-02-20,0.0001655271196559,0.0400485529842121
103.72708333333333,266.2395833333333,78.23854166666668,13.553125,2.0094791666666665,20.88125,19.1875,63.32291666666666,0.4270833333333333,96.34375,2024-02-21,,
72.20833333333333,218.39583333333331,86.49479166666667,24.265104166666664,1.4243750000000002,20.61145833333333,18.928125,52.625,0.440625,90.4375,2024-02-22,0.0001205139158923,0.04464785509803
58.79166666666666,188.57291666666663,94.58802083333336,28.9515625,1.6288541666666667,20.1796875,18.23177083333333,49.145833333333336,0.509375,106.95833333333331,2024-02-23,0.0001020064921801,0.039703774318504
117.35416666666669,347.40625,151.14166666666668,30.516666666666666,1.7665625,19.235416666666666,18.055208333333333,51.614583333333336,0.3604166666666666,60.54166666666666,2024-02-24,0.0002669235314691,
108.30208333333331,244.75,97.91458333333333,22.1828125,0.8805208333333333,18.80625,18.471875,48.583333333333336,0.5239583333333333,76.79166666666667,2024-02-25,,
112.33333333333331,275.375,111.18020833333333,22.8046875,1.088125,18.53333333333333,18.638541666666665,48.28125,0.3604166666666666,51.57291666666666,2024-02-26,,
66.96875,177.57291666666666,76.44166666666668,18.89739583333333,0.7500520833333333,18.326041666666665,18.65,53.0,0.4364583333333333,93.5625,2024-02-27,8.186718709732378e-05,
,173.296875,75.04062499999999,24.4203125,0.7664583333333334,19.01458333333333,18.638541666666665,57.802083333333336,0.5322916666666667,125.66666666666669,2024-02-28,9.415435332339128e-05,0.0382489166482
78.91475,189.89583333333331,108.31614583333334,18.9359375,0.9508333333333332,21.065104166666668,19.20885416666667,55.661458333333336,0.4239583333333332,112.60416666666669,2024-02-29,0.0001170930482595,0.038650658886943
122.94791666666669,271.4270833333333,113.43645833333332,19.839583333333334,1.6545833333333333,29.48177083333333,19.663541666666667,55.770833333333336,0.9385416666666666,36.35416666666666,2024-03-01,,
42.645833333333336,99.59375,36.473958333333336,22.753125,1.2904166666666663,20.52083333333333,18.790625,67.625,3.86875,47.552083333333336,2024-03-02,,
63.7650462962963,158.20833333333334,56.87708333333333,16.043229166666666,1.5867708333333337,14.788541666666667,17.592708333333334,68.13541666666667,0.921875,65.19791666666667,2024-03-03,0.0001570037566125,
64.02083333333333,159.28125,62.52395833333333,14.719791666666666,1.3175,22.241666666666664,17.322916666666668,55.145833333333336,0.6208333333333333,74.96875,2024-03-04,0.0001600727723364,0.0373332001305931
54.520833333333336,153.07291666666666,57.846875,18.45520833333333,1.204375,28.488541666666663,16.748958333333334,51.66666666666666,0.5499999999999999,120.55208333333331,2024-03-05,7.471934764848685e-05,0.0347927324473859
71.47395833333333,168.546875,71.284375,27.836458333333336,1.3364062500000002,30.06927083333333,16.7234375,51.65104166666666,0.4166666666666667,111.51041666666669,2024-03-06,0.0001423437405854,
99.52969348659003,220.82016283524905,86.63872126436782,23.33726851851852,1.5072685185185184,19.3150462962963,17.033101851851853,56.91435185185185,0.3569444444444444,48.576388888888886,2024-03-07,0.0001220978961342,0.0333136549564002
72.86458333333333,167.69791666666666,65.93020833333334,24.17864583333333,1.2353125,27.6625,18.680208333333333,52.125,0.4583333333333333,95.54166666666669,2024-03-08,0.0001267722402644,0.0377702863546932
68.88541666666667,160.91666666666666,75.59479166666667,18.8015625,1.2903125,29.7875,18.685416666666665,50.875,0.521875,123.09375,2024-03-09,,0.0390863065506854
111.32825870166634,233.4051163384821,98.40812298603652,19.547528684907324,1.570095208845209,29.73228032754732,19.339217252396164,49.52018588440314,0.3796422693387549,84.07399070577985,2024-03-10,6.739981105493027e-05,
,,,,,,,,,,2024-03-11,0.0001788879323068,
,,,,,,,,,,2024-03-12,9.309432248353898e-05,
,,,,,,,,,,2024-03-13,0.0001881945321602,
,,,,,,,,,,2024-03-14,8.534164124872764e-05,
,,,,,,,,,,2024-03-15,8.127201528113854e-05,0.0337158553302289
,,,,,,,,,,2024-03-16,0.000223192994562,0.0449960511575677
,,,,,,,,,,2024-03-17,0.0001507154603203,0.0423465743771752
,,,,,,,,,,2024-03-18,0.0001449000850196,0.0390625791577756
,,,,,,,,,,2024-03-19,0.0001382208754166,
,,,,,,,,,,2024-03-20,6.798208778491248e-05,
,,,,,,,,,,2024-03-21,0.0001192075374929,0.0472003014621438
85.69117647058823,,,,1.8309375,49.5296875,19.777083333333334,60.239583333333336,,45.66666666666666,2024-03-22,0.00011922607592,
103.3586956521739,,52.56145833333333,,2.7053125,24.210416666666664,20.8125,55.114583333333336,,72.21875,2024-03-23,,
86.57902298850576,347.8352490421456,33.24351851851852,25.794444444444444,,,19.81990740740741,53.14351851851852,,66.7824074074074,2024-03-24,,
,,,,,,,,,,2024-03-25,5.347160267584693e-05,0.0350395540230905
,,,,,,,,,,2024-03-26,4.085299401455875e-05,
,,,,,,,,,,2024-03-27,8.512410349869817e-05,0.0465940013460309
62.989583333333336,208.65625,58.25,31.9875,0.3112169312169312,,21.82708333333333,48.239583333333336,,76.4375,2024-03-28,0.0001400593047283,0.0469493083655832
88.61458333333333,245.26041666666663,54.97291666666666,29.191145833333334,0.608292824074074,,21.695833333333336,49.625,,41.052083333333336,2024-03-29,0.0001902840714236,0.0479183234274385
95.3125,301.75,63.31666666666666,29.80208333333333,0.6865909090909091,48.91201690821256,21.742708333333336,51.614583333333336,,49.09375,2024-03-30,0.0001226531082172,0.0441108925425464
,,,,,,,,,,2024-03-31,0.0001147184312619,
,,,,,,,,,,2024-04-01,6.803524870080163e-05,
50.32291666666666,189.30729166666663,51.77429748062016,29.5034375,3.143333333333333,43.39375,28.09270833333333,43.22916666666666,0.5260416666666666,103.35416666666669,2024-04-02,0.0001091972415001,0.0375750897224183
91.44791666666669,278.4583333333333,82.04614825581396,37.0015625,3.3690625,38.21458333333333,29.23645833333333,41.645833333333336,0.484375,79.47916666666667,2024-04-03,0.0003131941930011,0.0451536362430678
87.40104166666667,289.5625,75.490625,26.5671875,2.2548958333333333,31.0796875,30.172395833333336,39.578125,0.4072916666666666,57.442708333333336,2024-04-04,0.0001447716450276,
68.875,249.45833333333331,62.946875,24.801041666666663,0.6652083333333333,23.87291666666667,30.133333333333336,39.75,0.5125000000000001,103.94791666666669,2024-04-05,7.156658398611458e-05,
76.625,238.72916666666663,65.77007575757575,20.358522727272728,0.710530303030303,35.39153726708075,29.5484375,37.984375,0.4781249999999999,98.16145833333331,2024-04-06,7.740606696065566e-05,
79.50520833333333,258.7447916666667,86.34583333333335,8.69441798941799,0.9819791666666666,32.59375,29.24427083333333,37.333333333333336,0.440625,84.80729166666667,2024-04-07,0.0001007628171011,0.0391210827213955
106.20833333333331,304.53125,101.20217391304348,22.094010416666663,1.1407669082125604,29.938541666666666,29.9,37.24479166666666,0.4072916666666666,79.08854166666667,2024-04-08,0.0001227977248811,0.04537448185043
133.05208333333334,359.6041666666667,95.42760416666664,29.5109375,2.681927083333333,49.87760416666666,29.971875,36.96875,0.3520833333333333,40.239583333333336,2024-04-09,0.000367155853553,0.0465303137898441
106.91666666666669,334.65625,90.00520833333333,13.636979166666668,2.9803125,63.39375,30.335416666666664,37.13541666666666,0.5020833333333333,32.322916666666664,2024-04-10,0.0001302115083125,
129.02604166666666,425.3385416666667,92.22708333333333,37.53858506944445,3.06203125,64.903125,30.409895833333334,39.02604166666666,0.6749999999999999,48.645833333333336,2024-04-11,0.0001393716665916,0.0467785257228795
148.61458333333334,390.5625,97.096875,36.27395833333333,3.017291666666667,66.24965277777778,30.944791666666664,38.41666666666666,0.490625,29.46875,2024-04-12,0.0001619730940512,
,,,,,,,,,,2024-04-13,0.0001820985625593,0.053554850786241
,,,,,,,,,,2024-04-14,7.552912066251922e-05,0.0415219686695396
,,,,,,,,,,2024-04-15,,
,,,,,,,,,,2024-04-16,9.729599442400692e-05,
48.50231481481482,192.03125,63.16979166666667,24.2921875,0.7575000000000001,49.79166666666666,30.026041666666668,39.395833333333336,0.8427083333333334,129.79166666666666,2024-04-17,9.358738878078106e-05,0.039070893079041
78.11676217765043,244.04105479942692,,21.167094414099807,1.3466216160756923,36.10867788174546,30.564189910159985,37.89090295188634,0.3982421874999999,104.51260110733048,2024-04-18,0.0001007312922921,0.0399358100062726
,,,,,,,,,,2024-04-19,0.0001276112273525,0.0360900300596603
,,,,,,,,,,2024-04-20,0.00011011774215,
,,,,,,,,,,2024-04-21,7.235943443218398e-05,
,,,,,,,,,,2024-04-22,0.0001061258918626,
82.46875,280.7604166666667,90.51458333333332,18.83125,1.4194791666666668,44.15416666666667,30.57708333333333,41.833333333333336,0.8781249999999999,91.57291666666669,2024-04-23,9.780400633122197e-05,
72.45833333333333,239.98958333333331,91.45208333333332,23.315509259259255,1.655520833333333,37.69583333333333,30.945833333333336,41.895833333333336,0.546875,100.5,2024-04-24,0.0001126861312977,0.0465380011104855
81.375,296.1979166666667,92.0890625,26.219965277777774,1.6460416666666668,37.73333333333333,31.925520833333334,37.11979166666666,0.5322916666666667,136.20833333333334,2024-04-25,0.0001368943525798,0.0385831780731664
106.59649122807018,256.07236842105266,91.99113805970148,31.56019736842105,1.5353145456925898,55.34521798900236,32.72796052631579,36.364035087719294,0.7263157894736842,65.7719298245614,2024-04-26,0.0001859126731504,
,,,,,,,,,,2024-04-27,9.357941598863942e-05,0.0411278866231427
,,,,,,,,,,2024-04-28,0.0001000520217267,0.0425872657104001
111.209375,350.03125,78.09895833333333,34.77042824074074,1.1194791666666666,65.97864583333333,31.561979166666664,40.802083333333336,0.6317708333333333,61.609375,2024-04-29,0.0001395188431249,0.0482666826520663
68.61354166666666,252.015625,68.20156250000001,31.50798611111112,0.8947395833333333,47.340625,30.853125,38.1875,0.61875,114.015625,2024-04-30,0.0001485185550796,0.0408051638336677
75.08854166666667,270.1302083333333,58.60625,30.04223602484472,0.6561458333333333,51.946875000000006,29.7125,34.53125,1.06875,124.203125,2024-05-01,0.0001138439229106,0.0360501603482189
74.79166666666667,238.96875,70.66875,30.440719696969698,0.7096484375,61.177083333333336,30.507291666666664,36.79166666666666,0.634375,114.33333333333331,2024-05-02,8.942367268435783e-05,
120.39583333333331,333.6666666666667,89.91458333333333,30.923426870748298,1.2319270833333331,48.28020833333333,32.29322916666667,35.322916666666664,0.5708333333333334,131.96875,2024-05-03,8.833839550774668e-05,
146.328125,390.9270833333333,104.89166666666668,43.9213529856387,2.16625,50.653645833333336,33.07239583333333,36.645833333333336,0.4239583333333332,145.90104166666666,2024-05-04,0.0001920115859082,0.0582276519361357
161.9047619047619,446.28125,101.71875,30.963636363636365,3.41109375,40.32083333333333,33.641666666666666,38.421875,0.3916666666666666,129.58333333333334,2024-05-05,0.0001295792209193,0.0502604761744018
123.8125,352.3958333333333,84.82968749999999,23.284517045454542,2.230833333333333,46.09270833333333,34.006770833333334,38.93229166666666,0.471875,92.78125,2024-05-06,0.0001286074987878,0.0430746861992934
,537.6236888111888,86.43958333333335,37.96221590909091,2.693697916666667,86.55570419918246,33.723958333333336,43.442708333333336,0.9942708333333332,28.916666666666668,2024-05-07,0.0002026464244716,
93.6875,293.125,37.020833333333336,15.792437704248366,0.8210416666666666,28.479166666666668,32.251041666666666,53.53125,2.1802083333333333,44.239583333333336,2024-05-08,0.0001290997738293,
,,,,,,,,,,2024-05-09,0.0001069912702704,0.0496618484185755
,,,,,,,,,,2024-05-10,0.0001270107386492,0.0610641944386322
,226.53460207612457,71.37920168067228,28.24110644257703,0.9584873949579832,36.17058823529412,30.78319327731092,49.52100840336135,0.9334033613445378,76.6575630252101,2024-05-11,0.0001419685608035,0.0558843675452615
97.225,271.27884615384613,95.81064814814816,22.40240740740741,1.8259027777777777,26.84429824561404,32.189907407407404,47.1375,0.4728703703703704,65.30092592592592,2024-05-12,0.0001681954324708,0.0459629327096037
122.05803571428572,334.5580357142857,96.31294642857142,38.56948784722223,2.7120659722222222,75.95426215277777,33.45138888888889,41.98220486111111,0.4358940972222222,59.92751736111112,2024-05-13,0.0001591871227112,
115.34347826086956,351.420652173913,102.15148221343873,12.25163043478261,3.0096870882740445,51.51765480895916,33.200395256917,39.2104743083004,0.3829710144927536,59.73913043478261,2024-05-14,0.0001808676156737,0.0693484693765615
175.046875,419.1510416666667,109.70989583333332,36.43697916666667,3.067395833333333,79.24739583333333,33.678125,36.65625,0.540625,40.01041666666666,2024-05-15,0.0001586281891065,0.0586811743668092
167.9702797202797,336.84047202797206,86.36510416666665,40.15416666666667,2.7490625000000004,84.80364583333333,33.981770833333336,38.65625,0.6083333333333333,61.93229166666666,2024-05-16,0.0001952228210639,0.0574969723820666
197.54166666666663,405.0193236714976,105.58333333333331,23.5296875,4.901979166666666,48.13125,35.14270833333333,38.270833333333336,0.3999999999999999,88.65625,2024-05-17,0.0001896776941425,0.0653661489486671
,,,,,,,,,,2024-05-18,0.0001778095830087,
120.375,312.25,64.39479166666666,26.13072916666667,3.6242708333333336,52.96145833333333,36.21666666666667,34.864583333333336,0.6041666666666666,89.61458333333333,2024-05-19,9.48935625486708e-05,
123.13657407407408,351.8425925925926,72.29538690476191,,3.753764880952381,57.28950892857143,35.679761904761904,38.02827380952381,0.6186011904761904,65.56547619047619,2024-05-20,9.78124773136618e-05,0.0505476506498653
92.890625,311.5,50.51041666666666,38.12682291666667,2.7741666666666664,43.05,34.09166666666667,46.60416666666666,1.509375,36.94791666666666,2024-05-21,0.0002414673294712,0.0458991665516884
94.20833333333331,236.5,34.010416666666664,28.291666666666668,2.7531250000000003,29.920808531746037,34.053125,49.32291666666666,2.095833333333333,41.32291666666666,2024-05-22,0.0001126167010386,
63.16111111111111,170.83260869565217,26.96651701323251,7.291316162570888,2.604435255198488,25.684569943289222,33.62963137996219,49.53260869565217,2.4564744801512286,44.34971644612476,2024-05-23,0.0001002362656481,
61.171875,177.3671875,27.2796875,16.2328125,2.79171875,41.5640625,35.1625,44.46875,1.584375,38.640625,2024-05-24,0.0001150501742984,0.0471178805676533
97.70833333333331,232.125,46.07083333333333,26.7671875,2.953020833333333,28.864814814814817,35.253125,41.677083333333336,0.5302083333333333,62.32291666666666,2024-05-25,0.0001017951161176,0.0529957298806814
113.625,277.4583333333333,70.33437500000001,25.94739583333333,3.200520833333333,57.58063840920983,35.559375,36.47916666666666,0.5666666666666667,56.63541666666666,2024-05-26,9.791659285780978e-05,0.0434996290518012
137.36805555555557,403.3854166666667,84.81994047619047,26.31949404761905,3.238511904761905,47.53072024593763,37.209375,38.129464285714285,0.5614583333333333,62.23065476190476,2024-05-27,0.0002096304153703,0.0619725330613773
138.08333333333334,403.5,100.634375,23.003645833333334,3.0490625,64.53095238095239,40.82083333333333,36.5625,0.6479166666666666,49.770833333333336,2024-05-28,0.0001318267499504,
123.765625,403.6902173913044,76.80208333333333,13.4265625,2.104791666666667,37.267105263157895,40.359375,37.9375,0.8572916666666667,61.5,2024-05-29,0.0001312913796743,
108.19270833333331,334.328125,75.22552083333333,21.347916666666663,1.7403125,25.25625,40.85625,36.26041666666666,0.6854166666666667,74.4375,2024-05-30,0.0001155002537416,0.0434692501120935
96.34895833333331,313.7916666666667,89.04583333333333,24.984895833333336,2.130416666666666,29.85052083333333,40.61927083333333,37.47916666666666,0.7703125000000001,58.43229166666666,2024-05-31,0.0001343039912171,0.0445069633424266
118.15625,356.2135416666667,73.54375,11.4015625,2.3719791666666667,13.6453125,40.15208333333333,35.6875,0.9302083333333332,91.86458333333331,2024-06-01,7.636966922517754e-05,0.0385133735835538
,,,,,,,,,,2024-06-02,0.0001105712878764,0.0448661379352826
,,,,,,,,,,2024-06-03,0.0001204438522108,
111.20833333333331,335.0833333333333,76.184375,15.853125,4.074791666666667,19.761458333333334,38.62708333333333,43.09375,0.9479166666666666,55.833333333333336,2024-06-04,9.9934504849363e-05,0.0429243368660886
,433.1041666666667,62.25833333333333,22.0765625,4.179791666666667,,39.653125,41.302083333333336,1.2166666666666666,91.16666666666669,2024-06-05,9.640751119473644e-05,0.040024701505898
67.359375,231.78530092592595,77.25520833333333,16.300520833333334,3.77015625,98.959375,37.02239583333333,47.03125,1.2223958333333331,68.61458333333333,2024-06-06,0.0001757649737965,0.0443649801458904
64.48958333333333,299.9130434782609,83.4609375,21.196354166666666,3.6997916666666666,100.2515625,39.11979166666666,38.44791666666666,0.7557291666666667,114.52604166666669,2024-06-07,0.0001445279180636,0.0344392587876574
68.5,328.4583333333333,63.91354166666667,17.785416666666666,3.741770833333333,104.321875,39.24583333333333,38.32291666666666,1.0208333333333333,123.98958333333331,2024-06-08,7.989055505624682e-05,
54.0,228.20833333333331,74.86666666666666,22.704166666666666,3.7786458333333335,111.36875,39.43541666666667,35.21875,0.7937500000000001,126.97916666666669,2024-06-09,7.587167513268282e-05,0.0356498071087191
60.375,229.95833333333331,79.746875,21.665104166666666,3.963854166666666,118.05416666666667,40.34791666666667,34.1875,0.6875,114.89583333333331,2024-06-10,,0.0398922495082715
89.8923611111111,324.48263888888886,86.0202380952381,21.99092261904762,4.8758333333333335,106.51636904761904,40.42083333333333,34.09375,0.5897321428571428,96.36607142857144,2024-06-11,0.0001176503350875,0.0375980585813509
81.32175925925925,331.0688657407407,74.81533333333333,10.6550625,5.36443094629156,104.32308333333332,40.65770833333333,34.818333333333335,0.591375,92.94020833333332,2024-06-12,0.0001263177045127,0.0454781823387697
69.7131605691057,307.2742420392954,,,,,,,,,2024-06-13,0.0001038526189842,
65.57103174603175,381.2593837535014,55.232085346215776,20.801834045584044,5.1038058961972,96.63068533004974,36.930519943019945,37.42521367521368,1.8304843304843303,114.12215099715098,2024-06-14,6.954284586602744e-05,0.0384064744664194
50.56493055555556,304.09972826086954,54.22216435185185,17.51730324074074,5.345461033950617,,40.4396412037037,35.70601851851852,1.4644675925925923,126.06597222222224,2024-06-15,8.417959148007403e-05,0.0373582392930971
,,55.98988950892857,19.59444456845238,4.774609226190476,91.79759226190475,38.26688132440477,38.772473958333336,0.7724021577380953,130.1739769345238,2024-06-16,7.179462885486595e-05,0.0380413685232925
,,,,,,,,,,2024-06-17,8.335702911675136e-05,0.0404780060052857
,,,,,,,,,,2024-06-18,7.79611656176787e-05,0.0408221972737802
75.00378787878788,408.2303921568627,62.916276803118905,23.051413255360625,2.5813888888888887,53.30818713450293,34.74775828460039,42.01169590643275,0.3258284600389863,112.38304093567253,2024-06-19,7.201234257081269e-05,0.0330246053636062
49.04166666666666,200.70833333333331,43.01770833333333,13.642708333333331,0.6955208333333333,95.53541666666666,34.813541666666666,50.708333333333336,0.3,51.1875,2024-06-20,,
73.66666666666667,244.29166666666663,43.92916666666667,14.398958333333333,1.0252083333333333,85.52916666666665,33.844791666666666,58.3125,0.3,45.32291666666666,2024-06-21,,
105.11979166666669,265.078125,47.9296875,16.530208333333334,1.9565104166666665,85.88020833333333,34.883854166666666,55.71354166666666,0.3,40.83854166666666,2024-06-22,,
64.74479166666667,155.82291666666666,39.0625,14.603125,1.1160416666666666,82.97812499999999,35.384375,55.270833333333336,0.3,33.270833333333336,2024-06-23,,0.0419365661038265
62.864583333333336,184.171875,45.29774305555555,17.102085561497326,0.6268489583333333,75.98700396825397,35.08645833333333,56.546875,0.3,37.078125,2024-06-24,,
70.6370932518017,157.75780738152434,53.25598383926621,,0.2372898806294085,75.99373096998696,35.48031775496833,56.82520746887968,0.3,38.92031557108539,2024-06-25,,0.0521049723042726
,,,,,,,,,,2024-06-26,,
,,,,,,,,,,2024-06-27,,0.0487014709563087
,,,,,,,,,,2024-06-28,,
,,,,,,,,,,2024-06-29,,
,,,,,,,,,,2024-06-30,5.316419169725569e-05,0.04626877158427
,,,,,,,,,,2024-07-01,,0.0481287089199958
55.54119318181818,214.9346590909091,11.286647727272728,,0.7854474431818183,87.70163352272726,34.85028409090909,63.23721590909091,0.3,75.57102272727273,2024-07-02,,
44.091131064902335,123.49206741326309,6.146519426456984,,0.4107960358056265,73.6756359851989,32.08285152636448,76.53018038852915,0.3,38.22987974098057,2024-07-03,,
,,,,,,,,,,2024-07-04,,
,,,,,,,,,,2024-07-05,,
32.046497584541065,98.41666666666669,8.033407738095237,9.6609375,2.39140625,29.80625,32.24270833333333,75.63541666666667,0.3,39.989583333333336,2024-07-06,,
20.047619047619047,78.02604166666667,6.821614583333333,5.409375,0.5318229166666667,31.14453125,32.38880208333333,69.23697916666667,0.3,39.09635416666666,2024-07-07,,
31.775362318840585,103.13541666666669,7.404166666666666,9.820833333333336,0.5630208333333333,31.491666666666664,31.070833333333336,76.14583333333333,0.3,44.427083333333336,2024-07-08,,
54.958333333333336,126.0625,11.184895833333334,17.483333333333334,0.8857291666666667,45.2234375,32.248958333333334,76.75,0.3,38.80729166666666,2024-07-09,,
70.83333333333333,174.0,12.3203125,17.315625,0.8113541666666667,96.74322916666668,33.46666666666667,71.8125,0.3,46.708333333333336,2024-07-10,,
71.875,216.83333333333331,13.541666666666666,18.079166666666666,1.1466666666666667,100.72604166666667,35.43020833333333,65.04166666666667,0.3,52.29166666666666,2024-07-11,9.122230403590626e-05,0.0404323196826853
37.333333333333336,210.75,33.036197916666666,17.39140625,0.84375,78.62786458333333,34.18515625,59.171875,0.3,87.80989583333333,2024-07-12,,
59.145833333333336,187.45833333333331,51.98333333333333,17.488541666666666,0.8873958333333333,32.79375,33.255208333333336,68.04166666666667,0.3,45.57291666666666,2024-07-13,9.863912319754405e-05,0.0477170722422607
59.203125,166.58333333333334,43.50729166666667,17.067708333333332,0.7040625,29.666666666666668,34.920833333333334,61.239583333333336,0.3,41.489583333333336,2024-07-14,0.0001100230156371,0.0395496001041244
57.16666666666666,160.08333333333334,41.69791666666666,16.932291666666668,0.6433333333333333,28.776041666666668,34.016666666666666,66.11458333333333,0.3,39.75,2024-07-15,,
54.270833333333336,143.33333333333334,34.41197916666667,16.602083333333333,0.4996875,58.83697916666667,35.16458333333333,63.895833333333336,0.3,37.427083333333336,2024-07-16,4.529852594714451e-05,0.0372227669271909
47.35416666666666,141.29166666666666,34.803125,15.967536231884058,,47.19791666666666,34.645833333333336,65.625,0.3,41.57291666666666,2024-07-17,,0.040036273303279
57.41666666666666,150.41666666666666,49.540625000000006,18.402083333333334,1.2876041666666669,48.4875,33.46145833333333,71.71875,0.3,38.302083333333336,2024-07-18,8.18459154421617e-05,0.03896607525256
88.59895833333333,200.79166666666663,40.046875,18.115625,1.159166666666667,69.7109375,33.603125,72.61458333333333,0.3,33.625,2024-07-19,,
57.27005776636714,134.890625,12.092708333333334,17.203719397363464,0.8178125,76.14166666666667,34.705729166666664,65.390625,0.3,35.8125,2024-07-20,,0.0403804286025461
,127.70833333333331,11.137760416666666,17.37549019607843,0.79140625,58.95494791666667,34.41848958333333,67.1328125,0.3,37.395833333333336,2024-07-21,,
41.39432367149759,132.32291666666666,11.177083333333334,15.303645833333334,1.3006770833333332,82.1125,33.49375,71.61458333333333,0.3010416666666666,36.895833333333336,2024-07-22,,
50.125,143.04166666666666,11.123958333333334,13.489583333333334,1.43,87.8671875,33.584375,72.47916666666667,0.3,31.77083333333333,2024-07-23,,
68.0,162.46579743008314,16.109895833333333,14.235416666666666,1.7542708333333332,68.6113134057971,33.739583333333336,70.98958333333333,0.3,52.5625,2024-07-24,0.0001393124692662,0.0518919869122576
41.15972222222222,75.859375,24.308854166666663,12.063385093167703,1.9006770833333333,,33.73125,70.86458333333333,0.3,34.541666666666664,2024-07-25,8.083095839122915e-05,0.0401380658149705
66.34601449275362,110.35416666666669,58.75885416666667,13.204166666666666,1.307395833333333,103.59583333333336,33.60729166666667,70.85416666666667,0.3,48.333333333333336,2024-07-26,,
47.458333333333336,81.39583333333333,53.79114583333333,14.933333333333332,2.061875,102.5375,34.177083333333336,69.03125,0.3,41.10416666666666,2024-07-27,,0.0391852861364309
37.227053140096615,69.45833333333333,34.52552083333333,13.678125,1.515,103.40208333333334,35.219791666666666,63.052083333333336,0.3,38.53125,2024-07-28,8.083950524450926e-05,
37.54166666666666,64.3125,31.757291666666664,13.338541666666666,1.3628125000000002,102.33541666666667,35.25208333333333,61.692708333333336,0.3,35.765625,2024-07-29,5.298133453058719e-05,0.0385971450682719
44.91666666666666,74.35416666666667,35.905208333333334,14.15,1.7183333333333335,89.36354166666666,35.38854166666667,65.21875,0.3,45.052083333333336,2024-07-30,9.776505673879756e-05,0.0339914008739409
50.04166666666666,102.85416666666669,54.49021990740741,14.44607843137255,1.7579166666666666,95.3546875,35.33689236111111,66.97427398989899,0.3,84.4776672979798,2024-07-31,,
,,34.66442307692308,,1.437510683760684,110.4775373931624,,,,,2024-08-01,,0.0366237014532076
,,,,,,,,,,2024-08-02,,
34.015625,106.1015625,25.369753086419752,24.13912037037037,1.4696913580246913,90.2265625,33.95756172839506,66.41589506172839,0.3,40.476851851851855,2024-08-03,4.850099976048593e-05,0.0318206882281813
31.171875,105.49479166666669,24.2859375,40.76770833333333,1.3510416666666665,62.8375,33.32604166666667,66.640625,0.3,40.1875,2024-08-04,,0.0362007057210712
32.125,82.375,21.211458333333333,27.425520833333334,1.2802083333333334,62.71458333333334,32.75833333333333,70.85416666666667,0.3,42.6875,2024-08-05,,0.0333082018677531
43.045138888888886,139.16666666666666,27.588541666666668,27.190104166666668,0.8295833333333333,61.8765625,33.456250000000004,68.16666666666667,0.3,57.91666666666666,2024-08-06,5.360135123157029e-05,0.0382925584349697
38.71875,99.05208333333331,28.964583333333334,24.87708333333333,0.3720833333333333,61.403125,31.790104166666666,77.39583333333333,0.3,51.552083333333336,2024-08-07,,0.0381443591885703
32.083333333333336,61.708333333333336,25.60729166666667,26.925520833333334,0.3464583333333333,62.05729166666666,32.098958333333336,77.625,0.3,33.5625,2024-08-08,,0.0360983984011148
39.26909722222222,73.58333333333333,27.73229166666667,27.4234375,0.5192708333333333,61.40208333333334,31.977083333333336,80.20833333333333,0.3,37.85416666666666,2024-08-09,,0.0331857746837423
50.125,90.79166666666669,29.329166666666666,27.766666666666666,0.7317708333333334,61.4875,32.00208333333333,81.26041666666667,0.3,116.38541666666669,2024-08-10,,0.0365507103768802
44.27717391304348,73.93719806763285,30.713541666666668,23.7046875,1.38828125,60.240625,31.5734375,83.34895833333333,0.3,183.68229166666663,2024-08-11,,
45.46875,84.16666666666667,48.708333333333336,26.211979166666666,0.4442708333333333,59.23489583333333,31.636979166666663,82.53645833333333,0.3,346.9427083333333,2024-08-12,,
44.58635265700483,85.44270833333333,98.25115327380952,23.753249007936507,,64.51267361111111,32.24270833333333,79.23958333333333,0.3,348.5625,2024-08-13,,0.0412808399189731
49.54166666666666,126.08333333333331,63.02838541666667,6.20625,0.84,76.86822916666667,33.198437500000004,74.77083333333333,0.3,351.765625,2024-08-14,,0.0404089269319957
39.0625,108.6875,60.4140625,3.819016290726817,4.005520833333333,80.815625,33.13645833333333,74.9375,0.3,357.75,2024-08-15,,0.0360951137896204
36.789855072463766,123.89583333333331,94.6040625,2.429264214046823,4.023802083333334,79.2921875,33.5671875,71.22395833333333,0.3,358.90625,2024-08-16,,
54.369565217391305,236.625,78.5903125,5.888541666666666,1.02703125,85.26510416666666,33.653125,70.33333333333333,0.3,359.0,2024-08-17,,0.038236155655731
49.54166666666666,199.29166666666663,110.5859375,4.3375,1.036354166666667,91.16822916666666,33.25833333333333,75.1875,0.3,359.0,2024-08-18,,
44.959201388888886,146.84895833333334,69.43854166666667,5.39392149390244,1.2189583333333334,93.04583333333332,33.604687500000004,72.47395833333333,0.3,358.9791666666667,2024-08-19,5.9551142472397445e-05,0.033307885947469
38.61352657004831,131.34541062801932,74.89635416666667,1.9886709197235517,1.0153125,86.8484375,32.0015625,77.84375,0.3,359.0,2024-08-20,,
46.21571180555555,154.55208333333334,67.52239583333333,2.4614583333333333,0.8635416666666668,85.01458333333333,33.63854166666667,68.88020833333333,0.3,358.9791666666667,2024-08-21,0.0001154266659437,0.0400436357029801
49.380208333333336,267.0885416666667,85.74114583333333,1.553923611111111,0.5253645833333334,70.85104166666666,33.915625,67.85416666666667,0.3010416666666666,340.5,2024-08-22,5.9570891390262026e-05,0.0353070324716481
54.47916666666666,176.91666666666666,88.79270833333334,5.567934149184149,0.960354020979021,71.35625,31.964583333333334,78.953125,0.3,217.40625,2024-08-23,,
66.47916666666667,175.46354166666666,80.06354166666667,2.8888377926421405,1.2989583333333334,72.96875,33.994791666666664,77.23958333333333,0.6130208333333333,32.229166666666664,2024-08-24,,0.0416931323707092
43.92693236714976,117.63541666666669,84.95364583333334,5.1015625,0.9805208333333332,69.12291666666667,33.827083333333334,70.58854166666667,2.8234375000000003,88.40625,2024-08-25,6.018071872808154e-05,0.0345575849872888
42.27536231884058,107.25,41.329166666666666,2.2437879433723427,0.9966666666666666,70.98229166666667,33.401041666666664,71.86458333333333,2.786458333333333,96.14583333333331,2024-08-26,,
29.54106280193237,79.22916666666667,85.1640625,,0.906875,66.89114583333334,33.228125,70.98958333333333,2.9203125,105.52604166666669,2024-08-27,,0.034654904083658
33.07073844030366,84.87741545893721,60.7921875,3.686742424242425,0.5191666666666667,57.88229166666667,32.765625,73.6875,2.021875,104.83854166666669,2024-08-28,,0.0377926093387205
40.47569444444444,89.875,68.26875,2.0774621212121214,,55.1875,31.59166666666667,81.60416666666667,1.6182291666666666,101.47916666666669,2024-08-29,,
63.15798611111112,221.60416666666663,84.153125,,0.7055580357142857,64.12286764705881,33.984375,71.25520833333333,0.9359375,159.93229166666666,2024-08-30,8.440102582413605e-05,0.0392865199025427
54.33465608465609,264.6858465608465,61.27135416666667,6.938157894736841,0.9752445652173912,,34.802083333333336,68.23958333333333,0.7927083333333332,122.453125,2024-08-31,8.402845115036472e-05,0.0346579663455483
55.99388111888111,327.1993006993007,65.40520833333333,17.170350241545894,0.7994270833333333,64.528125,35.385416666666664,66.91145833333333,1.0036458333333331,113.33854166666669,2024-09-01,,0.037537846714258
45.1322463768116,114.08333333333331,52.00989583333333,14.855208333333332,0.6955468749999999,61.721875,34.255208333333336,71.36458333333333,2.46875,121.68229166666669,2024-09-02,,0.0374668951680595
41.57787698412698,135.2391304347826,49.700520833333336,14.906770833333333,0.8294791666666667,58.85446428571428,34.920833333333334,69.32291666666667,2.0203125,120.92708333333331,2024-09-03,5.407554999692324e-05,0.0380557763246898
31.203125,115.35416666666669,70.71718750000001,1.785024154589372,1.3661458333333334,35.56197916666667,32.31979166666667,82.484375,1.0354166666666669,146.23958333333334,2024-09-04,,
58.911458333333336,139.51041666666666,104.92135416666667,2.085625,2.2546875,35.34739583333333,33.1375,77.64583333333333,0.7453124999999999,144.44791666666666,2024-09-05,0.0001187758104806,0.0396069947587252
49.897181522181526,100.6086956521739,70.79843749999999,3.5094907407407407,1.7393229166666666,,32.657291666666666,82.078125,1.696875,128.52083333333334,2024-09-06,,
43.083333333333336,107.69565217391305,76.03697916666667,7.44375,1.328854166666667,16.70941840277778,32.89010416666667,80.58333333333333,1.3166666666666669,92.31770833333331,2024-09-07,0.0001045151012311,
72.8125,224.70833333333331,87.68020833333333,8.047395833333333,1.725,18.311979166666667,33.1453125,82.10416666666667,0.7567708333333334,78.625,2024-09-08,,
79.74479166666667,229.38541666666663,95.590625,11.713020833333331,1.6293749999999998,18.354166666666668,34.00625,78.86458333333333,0.734375,114.6875,2024-09-09,,0.0414996292739414
,,,,,,,,,,2024-09-10,9.572895119644282e-05,0.0360562818937177
,,,,,,,,,,2024-09-11,,
,,,,,,,,,,2024-09-12,,
,,,,,,,,,,2024-09-13,,0.0358318871097652
,,,,,,,,,,2024-09-14,,0.0338632846831532
93.53571428571428,239.0839160839161,48.390625,7.379166666666666,1.8805208333333332,67.48177083333333,32.764583333333334,71.73958333333333,0.8197916666666667,228.15625,2024-09-15,7.19410228696732e-05,0.0440360754728315
170.5625,439.8697916666667,50.65256916996047,7.4328125,1.791081349206349,,33.25503472222223,68.52719907407408,0.8549189814814815,241.92708333333331,2024-09-16,7.057623545637286e-05,0.038132484513293
140.00803402646503,357.0422967863894,52.17829861111111,7.457905092592592,1.064957837301587,,33.072632575757574,72.52438446969697,0.791998106060606,202.47395833333331,2024-09-17,7.716091352146458e-05,0.0448619472839388
,,,,,,,,,,2024-09-18,,
51.63541666666666,93.10416666666669,51.89479166666666,7.630208333333333,1.8215625,48.58020833333333,31.19427083333333,80.52604166666667,1.6932291666666668,245.671875,2024-09-19,,0.0383629973295817
81.80208333333333,219.86979166666663,62.47083333333333,7.698958333333334,2.020833333333333,47.58645833333333,33.04635416666667,70.234375,1.1348958333333334,207.32291666666663,2024-09-20,0.0001208265603054,0.0360844992101191
173.96354166666666,252.4601706970128,73.8890625,7.636979166666666,1.9715625,48.07291666666666,33.87916666666667,67.41666666666667,0.8270833333333334,97.92708333333331,2024-09-21,,0.0380437560379504
246.07807545973364,,63.28955641348881,7.479810116608887,2.3973849669082887,48.814561403508776,34.63944610778443,67.70847778127954,0.5982311692404664,61.63922155688623,2024-09-22,8.577889840526422e-05,0.0390134081244469
,,,,,,,,,,2024-09-23,,0.0409989319802686
,,,,,,,,,,2024-09-24,,
160.8125,256.05,47.63619791666667,8.203691520467837,1.054765625,,34.155208333333334,68.96875,1.853125,154.42708333333334,2024-09-25,,0.0419345013682808
32.74033816425121,100.11458333333331,32.256770833333334,15.608854166666667,1.1790104166666666,,33.434375,70.828125,2.138541666666667,188.6875,2024-09-26,0.000101004314191,0.0408592975456472
25.21250508750509,93.4375,28.265104166666664,12.571354166666666,0.9134375,,33.1375,67.48958333333333,2.6947916666666667,112.96875,2024-09-27,,0.0345585133664998
70.28079710144928,90.76624959376016,37.5375,12.884895833333331,0.7870312500000001,,32.3390625,69.875,2.1901041666666665,121.75,2024-09-28,,0.0420895810257228
,,29.422916666666666,12.858333333333334,0.7685416666666667,,32.873958333333334,69.96875,1.5166666666666666,248.69791666666663,2024-09-29,,0.0391095504164695
,,43.65104166666666,17.790711805555556,1.1540625,,33.66354166666667,68.27083333333333,0.7843749999999999,144.0625,2024-09-30,7.378140640200302e-05,0.0434672647306206
91.44270833333331,415.4050925925926,55.5234375,16.347838345864663,1.038072916666667,65.08645833333334,34.0921875,66.28125,0.8333333333333334,97.64583333333331,2024-10-01,9.963539965231788e-05,
104.85416666666669,454.63655321988654,58.559895833333336,89.23385416666667,1.5287499999999998,63.73645833333333,34.669270833333336,61.984375,0.7374999999999999,125.875,2024-10-02,7.239077955534338e-05,0.0386655680029002
100.34895833333331,464.1368464052288,61.82395833333333,26.111979166666668,1.4166666666666667,73.54166666666667,34.34791666666667,57.86979166666666,0.7203125,116.6875,2024-10-03,0.0001162494117104,
105.0,466.6289491758242,55.5265625,32.76927083333334,1.50015625,85.56159420289855,34.20729166666667,61.33854166666666,0.7140624999999999,170.46875,2024-10-04,0.000109000953671,0.0392297006145898
99.66666666666669,424.8095238095238,57.13489583333333,14.4875,1.8733333333333333,90.32708333333332,34.36354166666667,60.53125,0.81875,170.72395833333334,2024-10-05,0.00011292884814,0.0361036234126117
65.58333333333333,452.6025641025641,49.22552083333333,45.9425925925926,2.20765625,78.40781249999999,34.25572916666667,57.583333333333336,1.0223958333333334,171.0625,2024-10-06,0.0001246398314833,0.0372715217991543
67.03125,386.4791666666667,55.89479166666666,13.720998023715412,1.8153645833333332,86.57395833333334,33.78541666666667,57.40625,0.7312500000000001,196.17708333333331,2024-10-07,0.000123663803291,0.0388641323224523
127.875,454.3840579710145,73.49791666666667,11.192708333333334,2.023177083333333,88.06041666666665,33.75572916666667,56.27604166666666,0.75,215.29166666666663,2024-10-08,0.0002518357085403,
75.69236883942766,380.1760731319555,64.3733505564388,,1.796591812400636,79.5545060331825,34.22398648648648,52.86367249602544,0.8511923688394277,176.78358505564387,2024-10-09,0.0001460981210503,0.041632168627323
71.05803571428571,370.9600694444444,70.2859375,18.802445652173912,1.6892708333333333,66.159375,33.221354166666664,53.734375,0.8718750000000001,180.828125,2024-10-10,8.639103069719967e-05,0.0379126781168177
79.08333333333333,405.4791666666667,87.15208333333334,15.053125,1.7407291666666669,54.73854166666666,32.590625,54.6875,0.7979166666666666,165.8125,2024-10-11,0.0001054248488407,0.0395593762882889
112.953125,447.1216666666666,80.6484375,10.018229166666666,2.2282291666666665,66.4375,32.369791666666664,55.145833333333336,0.6416666666666667,198.17708333333331,2024-10-12,0.000128544113409,0.044021401822675
182.04987212276217,,81.35885416666666,17.125,3.201875,58.09166666666667,32.45520833333333,52.3125,0.5885416666666666,230.26041666666663,2024-10-13,0.0001587763056761,0.0488530852437606
201.4318181818182,,94.7828125,12.641145833333333,2.8271875000000004,,32.237500000000004,51.802083333333336,0.5635416666666667,232.36458333333331,2024-10-14,0.0001688104639357,0.0499842245239071
141.203125,572.500398724083,94.03177083333333,12.072916666666666,2.5586979166666666,,32.0609375,52.22916666666666,0.6796875,198.765625,2024-10-15,0.0001377571462055,0.0412599952381144
148.86834733893556,,113.88125,19.40833333333333,2.7538541666666667,,32.22604166666667,53.239583333333336,0.6041666666666666,167.73958333333334,2024-10-16,0.000237262953676,
,,90.28958333333333,27.159895833333334,3.211145833333333,,32.51979166666667,54.71875,0.6437499999999999,246.38541666666663,2024-10-17,0.0001941657628737,0.0494600604053623
210.4034090909091,,82.925,17.537499999999998,3.69453125,42.23880208333333,32.7984375,54.828125,0.5625,227.9375,2024-10-18,0.0002639276073898,0.0520343977518922
204.1268823768824,,89.72291666666666,20.20474308300395,2.9760416666666667,27.5921875,33.104687500000004,54.927083333333336,0.6322916666666667,233.640625,2024-10-19,0.0003143454213246,
203.79166666666663,503.1078431372549,79.08645833333334,17.046875,2.9902083333333334,45.75729166666667,32.78333333333333,59.864583333333336,0.946875,247.77083333333331,2024-10-20,0.0001589855205318,0.0481190344389011
186.30208333333331,404.1979166666667,87.1171875,22.575260416666666,2.296875,94.515625,32.407291666666666,61.65104166666666,1.209375,247.05208333333331,2024-10-21,0.0002338577435362,0.0531944463671621
211.93424803991448,534.6025641025641,99.69375,13.073958333333332,2.6352083333333334,26.43125,31.1625,62.489583333333336,0.5875,219.32291666666663,2024-10-22,0.0001344222607176,
,561.7272727272727,108.05729166666669,12.822916666666666,2.5704166666666666,11.530729166666667,30.340625,59.38541666666666,0.78125,129.25,2024-10-23,0.0001150383672327,0.0578196800429123
166.05208333333334,413.9090909090909,119.61770833333334,15.605729166666668,2.275729166666667,13.215625,30.418229166666663,55.848958333333336,0.7973958333333333,95.09375,2024-10-24,0.0001415429103228,0.0455694157892255
155.4375,451.875,134.07708333333332,15.519270833333332,2.231666666666667,11.4140625,30.167708333333334,52.88541666666666,0.8250000000000001,124.52083333333331,2024-10-25,0.0001362699292598,
229.33333333333331,457.85238095238094,157.17552083333334,17.970312500000002,2.8825520833333336,22.726041666666664,29.51770833333333,56.270833333333336,0.8083333333333332,165.19791666666666,2024-10-26,0.0001285888865822,
223.234375,417.0625,131.48020833333334,14.3078125,3.032083333333333,27.365625,29.99791666666667,63.01041666666666,0.9072916666666666,247.78125,2024-10-27,0.0001416609406838,
165.66550925925927,339.7280092592593,99.094375,13.04366898148148,2.2412800925925924,8.788645833333334,30.394791666666663,60.02395833333333,1.0807291666666667,242.72708333333333,2024-10-28,0.0001695496968731,
161.5,412.0625,69.86041666666667,8.047916666666667,2.451875,11.731770833333334,30.665104166666666,60.453125,0.8385416666666666,234.5,2024-10-29,0.0002070082968298,0.0488363300144348
225.25,536.3541666666666,83.140625,14.9078125,2.9606770833333336,50.85729166666667,30.854166666666668,58.614583333333336,0.6614583333333334,166.4375,2024-10-30,0.0003302210534456,0.0529357441004009
227.92279411764707,474.1397058823529,72.46458333333334,8.709895833333333,2.591875,13.758333333333333,30.461458333333336,56.91666666666666,0.7572916666666667,120.71875,2024-10-31,8.037359381367394e-05,0.0423976631254143
240.8154761904762,451.48729582577135,68.93124999999999,16.346875,2.7794791666666665,11.619791666666666,29.493229166666666,50.578125,0.821875,209.05208333333331,2024-11-01,0.000103844675538,0.038676864225194
266.78452797202794,515.025,83.64375,,2.781145833333333,29.7828125,28.953125,52.9375,0.5010416666666667,234.14583333333331,2024-11-02,0.0002736238656739,0.0614857857997419
316.9166666666667,563.0613275613275,90.9,11.8203125,3.255104166666667,95.15364583333331,28.516666666666666,56.5,0.5125000000000001,245.125,2024-11-03,0.0002042729359827,0.0545664495962867
323.93176328502415,587.1222222222223,103.1125,13.681948860625331,3.8784375,16.325,28.278125,61.10416666666666,0.5499999999999999,239.71875,2024-11-04,0.0001937601368744,0.0582972960578275
273.1434331797235,486.5090497737556,91.16356764928192,14.563888888888888,3.763828420256992,67.47789115646258,28.64795918367347,60.71560846560847,0.9164965986394558,246.35374149659864,2024-11-05,0.000184779649963,0.0554394017374136
,,,,,,,,,,2024-11-06,0.000358179018186,0.0668524801731084
298.8333333333333,545.2222222222223,82.375,14.29375,3.46234375,45.721875,28.3,64.96875,0.6958333333333333,241.13541666666663,2024-11-07,0.0001367719835776,0.06682304292917
264.5416666666667,473.6041666666667,73.13541666666667,12.384013605442176,2.821354166666667,12.716666666666669,28.3984375,66.546875,0.8697916666666666,240.89583333333331,2024-11-08,0.0001314066286077,0.0605499756660425
207.546875,366.296875,73.87604166666667,12.711979166666666,2.1449479166666667,12.1046875,29.0515625,62.04166666666666,1.4104166666666669,241.75,2024-11-09,7.96430749480255e-05,
207.875,371.2916666666667,78.67604166666666,16.1390625,2.2110416666666666,44.08182367149759,28.672916666666666,63.583333333333336,1.1791666666666667,245.29166666666663,2024-11-10,,0.0501769203917857
248.10416666666663,444.2167832167832,91.78333333333336,14.571875,2.876875,103.0568181818182,28.24375,65.07291666666667,0.7770833333333332,183.70833333333331,2024-11-11,0.0002142913468903,0.057293264932892
243.75,484.2916666666667,90.00416666666666,10.477083333333333,2.830416666666667,20.667708333333334,28.613541666666663,59.0625,0.6875,146.20833333333334,2024-11-12,0.0001532443319397,0.0462298022502444
396.8694295900178,620.6522988505747,87.88437499999999,12.154166666666669,3.4658333333333338,11.581770833333332,26.492708333333336,73.44791666666667,0.7416666666666667,200.10416666666663,2024-11-13,0.0001570972141995,0.0637309579689847
325.8958333333333,544.9375,90.7375,14.571354166666666,3.708229166666667,22.941145833333334,26.071875,69.86458333333333,0.8572916666666667,247.04166666666663,2024-11-14,0.0001305515091978,0.0565865778472917
362.5856643356643,560.284965034965,96.02604166666669,10.177083333333334,3.162395833333333,11.495833333333332,26.89270833333333,63.395833333333336,0.5968749999999999,219.98958333333331,2024-11-15,0.0001421369001588,0.0556281919894806
363.6733716475096,605.7508451656524,105.8,17.123437499999998,3.5503125,13.142708333333331,26.797395833333336,62.765625,0.5114583333333333,122.3125,2024-11-16,9.077100548892874e-05,0.0515838960739466
426.578514739229,647.3195187165776,101.73020833333334,7.06712962962963,3.5415625,12.586458333333333,26.070833333333336,65.58333333333333,0.69375,200.64583333333331,2024-11-17,6.763628334738063e-05,0.0690150633454297
,,96.33854166666669,17.514930555555555,3.6034375,12.644791666666668,24.38020833333333,74.44791666666667,0.6510416666666666,227.875,2024-11-18,,0.0800062778374177
318.86805555555554,519.2777777777778,112.09375,15.211458333333333,3.518333333333333,10.552083333333334,24.45,68.39583333333333,0.5499999999999999,237.625,2024-11-19,,0.0659488867538526
300.2083333333333,547.3333333333334,112.71458333333334,10.683854166666668,3.39125,14.910416666666668,24.48958333333333,62.53125,0.5656249999999999,232.91666666666663,2024-11-20,0.0001206476299373,0.0493788234889488
240.99479166666663,490.78125,116.215625,9.639267676767677,4.479739583333333,15.606770833333334,24.546875,62.85416666666666,0.5656249999999999,141.86458333333334,2024-11-21,0.0001106423039962,0.0513698053498524
338.0416666666667,601.4567307692308,129.74687500000002,6.404375,4.3640625,13.295833333333334,24.81770833333333,62.59375,0.5114583333333333,65.94791666666667,2024-11-22,0.0002228547404053,0.0604730285704113
320.9583333333333,516.8320105820106,125.82708333333332,15.794318181818182,5.314947916666667,18.09375,25.148958333333336,64.47395833333333,0.5635416666666667,133.0,2024-11-23,0.0001989656746261,0.0530642459332247
193.58333333333331,414.5833333333333,46.04114583333333,,3.87625,12.280208333333334,25.60625,58.708333333333336,0.5802083333333333,212.57291666666663,2024-11-24,0.0001305816446398,0.04778833378776
291.75,525.7239583333334,33.616639610389605,14.771428571428572,3.2344270833333333,7.005026223776224,25.146875,64.1875,0.609375,146.5,2024-11-25,,0.0577890312527843
166.21990740740742,392.52107699805066,,,2.785955687830688,8.465307365636313,27.525029587858533,55.38074352548037,0.6223771233639654,125.3148148148148,2024-11-26,9.010768845391426e-05,0.0426965949143037
159.58823529411765,400.3993808049536,125.94746517027863,17.200320512820515,3.031470588235294,12.119872291021672,26.36141640866873,53.91292569659442,0.6180727554179566,177.41176470588235,2024-11-27,0.0001047903481371,0.0478654056787473
239.16666666666663,481.9791666666667,178.25833333333333,20.852083333333333,3.6453125,9.986458333333331,24.816145833333334,61.614583333333336,0.5588541666666667,244.22916666666663,2024-11-28,0.0001362426973699,0.048499359142344
258.8333333333333,495.8541666666667,210.0541304347826,21.70833333333333,3.794583333333333,22.9046875,24.7359375,61.71875,0.5083333333333334,242.45833333333331,2024-11-29,0.0002065994038545,0.0459295175969583
248.70833333333331,502.9583333333333,259.88750000000005,29.395454545454548,5.1375,7.080729166666667,24.8515625,63.57291666666666,0.5265624999999999,248.70833333333331,2024-11-30,0.000124859420893,0.0408044736838965
164.55208333333334,352.2239583333333,168.21406249999998,15.391145833333333,2.689739583333333,8.163541666666667,25.3875,63.10416666666666,0.5713541666666667,239.76041666666663,2024-12-01,0.0001873855660631,0.0442901474656097
152.04166666666666,345.4583333333333,186.4878472222222,17.071875000000002,2.9840625000000003,7.026041666666667,25.604166666666668,63.625,0.5552083333333333,165.9375,2024-12-02,0.0001160225192728,0.038475420325993
148.83333333333334,344.90625,172.0192708333333,15.552083333333334,2.719583333333333,5.7953125000000005,26.378645833333334,63.1875,0.6447916666666667,152.44791666666666,2024-12-03,0.0001128728176468,0.040405179427328
68.40165631469979,206.15217391304347,95.02837301587302,6.44186507936508,1.1254464285714283,10.110119047619047,26.33204365079365,50.973214285714285,0.9969246031746032,195.83333333333331,2024-12-04,0.0001100301849263,0.0400809765621236
93.22826086956522,254.71195652173915,151.61521739130436,8.960869565217392,1.5668478260869565,9.729891304347824,24.57554347826087,49.141304347826086,0.866304347826087,207.30978260869568,2024-12-05,0.0001538017666876,0.0399126456693205
117.484375,316.7760416666667,199.5311141304348,13.875,2.426458333333333,8.955208333333333,23.859895833333336,53.625,0.7354166666666666,202.58333333333331,2024-12-06,0.0001363080807769,
169.625,384.6672240802676,238.3134963768116,21.81770833333333,3.8140625,10.966666666666669,23.315625,55.90625,0.5916666666666667,201.40625,2024-12-07,0.0002341024490976,0.0451611180641738
229.91666666666663,415.0869565217391,168.54891304347825,20.64583333333333,3.610208333333333,31.688541666666666,23.535416666666663,56.71875,1.5229166666666665,249.3125,2024-12-08,8.993612528795669e-05,0.0423244421105606
86.93478260869566,173.60978260869564,105.58739130434785,13.04008152173913,2.2795027173913045,17.08024456521739,23.000516304347823,64.14972826086957,0.9849184782608696,221.8875,2024-12-09,0.0003413477865043,0.0584176679211311
107.22916666666669,230.25,124.14270833333336,7.886458333333334,1.3792708333333332,9.452083333333333,22.90833333333333,54.270833333333336,0.8552083333333332,187.08333333333331,2024-12-10,0.0001509893466248,0.0385681240542544
106.75,256.0833333333333,141.2434210526316,8.379398148148148,1.41078125,11.090625,22.551041666666663,46.895833333333336,0.8302083333333333,225.67708333333331,2024-12-11,0.0001227433158836,0.0366957597434507
162.0,331.3333333333333,267.9463068181818,6.634288194444444,1.1600303819444444,9.688541666666667,22.147916666666664,52.90625,0.671875,235.73958333333331,2024-12-12,0.0001990399032365,0.041096188127993
118.45833333333331,250.95833333333331,223.69375,6.434375,1.1236458333333337,13.938541666666666,13.264583333333334,50.4375,1.19375,224.09375,2024-12-13,8.525046904172805e-05,0.0361846685409532
114.58333333333331,269.5833333333333,149.71808035714284,13.804166666666667,1.6488541666666665,11.253125,13.004166666666668,50.020833333333336,0.8604166666666666,230.6875,2024-12-14,0.0001777069461576,0.0422460746903345
205.75,401.9096989966555,47.71770833333333,12.193229166666669,2.1242708333333336,8.855208333333334,12.697916666666666,54.875,0.5343749999999999,206.125,2024-12-15,0.0002504645438306,0.0461645014584047
386.734375,592.8301767676768,67.8328125,15.021354166666669,4.0925,9.7,12.296875,66.66666666666667,0.4703124999999999,229.08333333333331,2024-12-16,0.0003156385354452,0.0527426441861091
437.0883297988561,600.086433531746,114.07940731848296,,5.529419545596016,12.316208705704504,12.80472744653417,70.51946334089192,0.6866491040860788,173.9814814814815,2024-12-17,0.0002067904968335,0.0520356575540568
438.5572916666667,608.8858695652174,154.7664772727273,,3.428125,6.783854166666667,13.876041666666666,73.51041666666667,0.4854166666666666,38.875,2024-12-18,0.0002805993434534,0.0477832020209993
397.3571428571428,555.2539215686274,216.0016996891997,11.570107962213225,3.919166666666667,18.211458333333333,13.79375,71.67708333333333,0.915625,165.66666666666666,2024-12-19,0.000111221872643,0.0522382035851459
331.890625,489.5677083333333,131.14270833333333,14.48939909297052,1.45125,40.63333333333333,14.629166666666668,68.66666666666667,0.5343749999999999,249.8125,2024-12-20,0.000146216766905,0.0556337079586159
254.375,405.9583333333333,148.93854166666668,6.455208333333334,2.224992236024845,7.614583333333333,14.651041666666666,66.22916666666667,0.5958333333333333,188.48958333333331,2024-12-21,0.0001190224766849,0.0440614454471963
368.7916666666667,516.7222222222222,202.88125,6.833144283121597,4.565520833333333,15.246875,14.413541666666667,67.53125,0.7520833333333333,247.92708333333331,2024-12-22,0.0002641705626215,0.055177255125284
309.1666666666667,434.2916666666667,130.428125,12.403874024526198,2.1384375,13.428125,14.039583333333333,71.34375,1.125,241.39583333333331,2024-12-23,,0.0509472776207519
213.30729166666663,303.328125,104.93333333333334,4.633806818181818,1.5408854166666668,12.74375,14.5390625,70.53645833333333,1.1041666666666667,251.0,2024-12-24,,
213.58333333333331,310.4583333333333,132.37916666666666,9.601041666666667,1.9305208333333332,4.601041666666666,14.496875,75.76041666666667,0.5208333333333334,158.10416666666666,2024-12-25,0.0001410343839122,0.0461631499561788
256.9166666666667,374.8695652173913,147.21145833333335,5.257971014492754,2.3425,5.780208333333333,14.907291666666666,70.36458333333333,0.5906250000000001,242.79166666666663,2024-12-26,0.0002345369018233,0.0425371533764769
195.66666666666663,240.578125,93.71979166666668,5.993125,1.27859375,7.95,13.853645833333331,85.96354166666667,1.5901041666666669,241.09375,2024-12-27,,
111.35416666666669,146.29166666666666,97.740625,11.588541666666666,1.3734375,2.575520833333333,13.977083333333333,90.09375,0.603125,212.97916666666663,2024-12-28,,
122.92708333333331,178.125,75.83645833333334,1.4696256038647342,1.2277083333333334,3.8296875,13.8375,84.73958333333333,1.0489583333333334,222.96875,2024-12-29,,0.0402419045567497
104.71829163071614,184.91371872303708,66.4971904398678,4.7837782862954485,1.6704329371816635,4.5026740237691,12.880326825127334,79.41659592529712,0.9681876061120542,178.125,2024-12-30,0.0001409850802399,0.0412124548821564
,,,,,,,,,,2024-12-31,0.0003505906860202,0.0507631834943293
208.79166666666663,328.2291666666667,70.14427083333334,12.175520833333332,2.1313020833333334,4.122916666666667,12.235416666666666,79.00520833333333,0.6958333333333333,217.85416666666663,2025-01-01,0.0001728118544673,0.0455820742123951
211.7519927536232,332.09615384615387,67.88795093795095,8.445277777777777,2.2287917350848385,4.8099155905299975,12.322447538337368,80.44387274683885,0.7071327683615819,191.76091269841268,2025-01-02,,
,,,,,,,,,,2025-01-03,0.000258928281255,
332.9706937799043,435.06459330143537,,,2.764155844155844,7.035251322751323,12.95138888888889,87.87698412698413,1.4605820105820106,249.34391534391537,2025-01-04,0.0003352888964177,0.0582676748548726
196.4891975308642,262.5833333333333,56.8537109375,,1.6575694444444444,5.325735294117647,13.01764705882353,80.19852941176471,1.9183823529411763,236.5735294117647,2025-01-05,0.0002027525712407,0.042988628149031
231.2608695652174,330.859375,71.01961152882205,,2.2653218482905983,4.256303418803419,13.220018696581198,82.87005876068376,1.05289797008547,230.4292200854701,2025-01-06,,0.0582102211519401
,,,,1.8297395833333332,3.9850717905405406,12.838724662162162,84.6336570945946,0.7602407094594594,246.09375,2025-01-07,,
,,,,2.6112109375,7.584071180555555,14.284375,63.5234375,0.74453125,220.12109375,2025-01-08,0.0001499324277688,0.045145782666396
423.0808080808081,535.6997971602434,,,4.621086956521739,7.377173913043477,13.069021739130434,78.26086956521739,0.7478260869565218,164.66304347826087,2025-01-09,0.0005174040394505,0.0577262213191879
341.08958333333334,438.1498538011696,46.268270676691735,,2.702236950549451,7.193633241758242,12.31748511904762,87.81235119047619,1.1554315476190475,240.4026785714286,2025-01-10,0.0001945792911085,0.0455229582587422
,,,,,,,,,,2025-01-11,,
206.49226190476188,274.34107142857147,54.20455495818399,,2.4505815972222225,3.619487847222222,13.483289930555555,82.99392361111111,0.5101562500000001,229.375,2025-01-12,,0.0554379189666362
186.01666666666668,297.62976190476195,54.45590277777777,,2.072547619047619,3.007310606060606,13.846060606060608,80.58333333333334,0.7773863636363636,233.25,2025-01-13,0.000113887174297,0.0472969937348744
251.25,381.17964975845416,63.83710317460317,,2.525344202898551,4.1616732804232806,13.49843253968254,78.9790343915344,0.6434523809523809,237.2142857142857,2025-01-14,0.000170021347003,0.0439746079383561
361.47469806763286,426.1267857142857,55.23944111444112,26.592444789510004,4.251899154589372,8.511120129870129,17.678046953046955,88.40783522033522,0.768992118992119,142.42902777777778,2025-01-15,,0.0494528664884263
222.99475524475525,289.7062937062937,55.231770833333336,15.928645833333334,3.63765625,7.530208333333333,23.901041666666668,82.98958333333333,0.3697916666666667,7.752083333333334,2025-01-16,0.0003484137985583,0.0546380745537021
204.90009746588692,295.03508771929825,48.27742794486216,20.24259114583333,3.157318295739348,,22.710260025062656,88.26785714285715,0.3051065162907267,6.61359649122807,2025-01-17,0.0001753364191627,0.0430777164749892
199.58333333333331,328.8333333333333,46.39114583333333,13.628260869565215,2.69375,,24.366666666666664,78.85416666666667,0.3760416666666666,7.188078703703703,2025-01-18,0.0004130560555495,
309.8489583333333,482.7708333333333,72.85572916666666,11.759895833333331,4.2375,7.616145833333333,26.43541666666667,74.65625,0.3010416666666666,6.107487922705315,2025-01-19,0.0001566296783435,0.0482547258370047
202.33333333333331,348.875,88.47239583333334,62.41302083333333,3.1735416666666665,5.037847222222222,26.98958333333333,71.20833333333333,0.3328125,6.734375,2025-01-20,9.168074757326054e-05,0.0445438213646395
164.41666666666666,305.125,99.87447916666667,10.031770833333333,2.1021875,6.175,26.571354166666666,66.33333333333333,0.34375,5.572916666666667,2025-01-21,0.0001388885336656,0.0413310229778274
150.9375,330.625,74.65050125313283,10.897395833333334,2.18078125,5.878125,26.410416666666663,68.0,0.3062499999999999,5.875,2025-01-22,0.0001494881587398,0.0401101360860743
140.54166666666666,250.41666666666663,76.74247685185185,7.365393518518519,2.0263020833333334,5.578125,26.772916666666664,66.11458333333333,0.3374999999999999,4.963541666666667,2025-01-23,0.0001066459004768,0.0441387272086648
105.84375,220.90104166666663,87.49791666666665,12.0546875,1.3081770833333335,7.184606481481481,26.235416666666666,57.69791666666666,0.3854166666666667,4.0625,2025-01-24,0.0001032480052718,0.0424656074212906
105.734375,270.4479166666667,,,1.528661332179931,,,,,,2025-01-25,0.000117308151706,0.0377137176692471
,,,,,,,,,,2025-01-26,9.531067420589088e-05,0.0391961075326608
158.84232954545453,357.76278409090907,114.85994318181817,7.081747159090909,2.404921875,6.281818181818181,24.637073863636363,61.85440340909091,0.3413352272727273,4.636363636363637,2025-01-27,0.0001233435143069,0.0402745787764117
170.109375,372.7592592592593,130.66197916666667,9.605057932263817,2.7809895833333336,7.305729166666667,25.36145833333333,60.255208333333336,0.3135416666666666,5.335144927536232,2025-01-28,0.00017616715099,0.0418751630692761
272.15719696969694,416.52661064425774,122.6790404040404,14.612680375180377,2.7623169191919192,8.755555555555556,22.30580808080808,65.26641414141415,0.6079545454545454,4.593444444444445,2025-01-29,0.000214628167897,0.0491443466672011
202.72395833333331,328.1770833333333,103.04166666666669,24.155729166666664,2.114921875,6.315104166666667,21.4,67.92708333333333,0.5609375,5.367708333333333,2025-01-30,0.0001002823025532,0.0483172104815639
284.1585213032581,459.5734649122807,90.40299305555556,18.19854861111111,3.08671875,10.52675,21.810875,72.019375,0.3324999999999999,6.663157894736842,2025-01-31,0.000232134787342,0.05564965056249
,,,,,,,,,,2025-02-01,0.0002768299301265,
198.09722222222223,302.8305555555556,70.36437500000001,8.5525,1.8575625,4.394910714285714,20.623035714285717,73.89910714285715,0.318125,35.190178571428575,2025-02-02,9.336743138074016e-05,0.0514640876349714
,,,,,,,,,,2025-02-03,0.0001507187340219,0.0412337495420892
,,,1.76484375,0.8902941176470588,,23.138733552631574,59.4921875,34.44868421052632,,2025-02-04,,0.0425437550478104
,,214.3671484375,1.7944444444444445,0.7778063973063972,0.8999999999999999,20.595277777777778,64.85497685185186,34.53408564814815,,2025-02-05,6.331604128477562e-05,0.0391611781689648
,,129.71390993265993,1.8,1.19,0.9,21.607158630842843,51.7811618206355,,,2025-02-06,6.522130532725631e-05,0.0371190592556312
77.36363636363636,190.99242424242425,85.71249999999999,4.565340909090909,0.9779024621212122,6.763636363636365,21.101136363636364,48.876893939393945,0.5037878787878788,357.67045454545456,2025-02-07,0.0001158089670258,0.0342720105170953
90.93601190476193,242.49627976190476,95.25130208333331,8.759288194444444,1.385902777777778,6.313932291666667,21.521571180555554,50.12760416666666,0.4111111111111111,357.8125,2025-02-08,0.0001183795130211,
141.23958333333334,329.0052083333333,102.95989583333332,10.4546875,1.856458333333333,5.334895833333333,21.80364583333333,56.54166666666666,0.3072916666666667,356.890625,2025-02-09,0.0002185252815252,0.0391669447277929
170.72916666666666,405.1180555555556,106.02552083333336,9.32986111111111,2.2636458333333334,5.5328125,22.125520833333336,58.30729166666666,0.315625,266.7395833333333,2025-02-10,0.0001982303365366,0.0390397992372085
221.42708333333331,415.2391304347826,108.99947916666667,14.6046875,2.397239583333333,9.400520833333331,22.3984375,58.895833333333336,0.3104166666666667,122.25,2025-02-11,0.0002212023391621,
99.54257246376812,268.408740942029,67.0377770390071,7.97466755319149,1.2309962322695036,9.812056737588652,22.08495124113475,54.75709219858155,0.4897606382978723,87.23781028368795,2025-02-12,7.403295788859516e-05,0.0338224534433926
,,,,,,,,,,2025-02-13,7.973502688845508e-05,0.0354354758308441
68.36011904761905,189.0833333333333,,18.97693452380953,0.885935119047619,,21.46330357142857,49.99761904761905,0.3981547619047619,110.2815476190476,2025-02-14,7.654653867005792e-05,0.0400805060066212
115.59126984126983,296.67195767195767,82.0636369047619,11.93327380952381,,7.330607142857143,21.37305555555556,54.54017857142857,0.3539880952380952,190.9767857142857,2025-02-15,0.0001048386111506,0.0427314219969646
189.75,355.5416666666667,73.46927083333334,10.945985518390364,1.8140104166666668,13.738020833333332,22.56041666666667,59.395833333333336,0.3302083333333333,125.70833333333331,2025-02-16,0.0005307379759399,0.0558680102438567
150.15408381080778,350.6975901584091,79.54612824401752,17.229668014829794,2.230543478260869,10.813881867205932,22.44519295584766,58.49330131445905,0.3181159420289855,128.54718570947085,2025-02-17,0.0004065427474076,
,,,,,,,,,,2025-02-18,0.0001659911590864,0.0374980379819009
99.19560185185183,258.6770833333333,64.23652173913044,6.53217803030303,1.083020833333333,11.003260869565215,23.433478260869567,53.0195652173913,0.3440217391304347,145.4,2025-02-19,0.000141466967713,
,,,,,,,,,,2025-02-20,9.566472726873698e-05,0.0466261605106688
,,,,,,,,,,2025-02-21,0.00037028670157,0.0554189463964767
59.56328282828283,133.2521212121212,55.47264177600865,7.801550444739299,1.508816290726817,9.784800850164627,21.2843751535702,67.93659393581994,0.3766917293233082,81.43782249742002,2025-02-22,0.0001669591956727,0.0456854640498103
,,,,,,,,,,2025-02-23,0.0001387682823011,0.0382623697173502
122.02931488801056,238.66867588932809,92.7827355072464,7.021809948979592,1.6819581686429514,11.669692028985509,22.63045289855072,62.2463768115942,0.3130434782608696,94.87971014492751,2025-02-24,0.0001506403123002,
99.5,270.5611111111112,99.26861111111111,19.272058823529413,2.22125,14.454722222222223,24.26833333333333,54.25,0.3152777777777777,120.8638888888889,2025-02-25,0.0001208701044421,
145.5922619047619,344.72693452380946,108.85546875,21.05615699404762,3.591588541666667,11.819270833333334,24.856510416666666,55.85807291666666,0.4076822916666667,188.69010416666663,2025-02-26,0.0001456753422516,0.0496247844576002
,,,,,,,,,,2025-02-27,,
,,,,,,,,,,2025-02-28,7.669730909146224e-05,0.0430709388351739
70.33854166666667,128.3125,83.721875,18.575386996904022,1.4608333333333334,7.206770833333334,22.64583333333333,69.16666666666667,0.7671875,133.65625,2025-03-01,0.0002689158800273,0.0412947098670479
85.45833333333333,192.375,104.56822916666664,26.024479166666666,1.5621875,9.945833333333333,22.31770833333333,57.84375,0.4427083333333333,104.28125,2025-03-02,8.380343933822593e-05,0.0355562604963781
68.58333333333333,228.70833333333331,120.99010416666664,47.786458333333336,1.2942708333333333,17.516666666666666,23.347916666666663,49.328125,0.4385416666666666,145.46875,2025-03-03,0.0002614813669831,0.0498973214597935
60.25,193.91666666666663,98.20520833333336,13.708159722222222,1.4586979166666667,12.145833333333334,23.40520833333333,57.29166666666666,0.6979166666666666,121.73958333333331,2025-03-04,8.259169320894997e-05,0.0399072025577081
35.104166666666664,164.66666666666666,76.1203125,8.863095238095237,1.17203125,20.324479166666663,21.459375,50.76041666666666,1.178125,96.61458333333331,2025-03-05,8.272411187013097e-05,0.0306135408985381
58.66666666666666,207.82291666666663,95.87552083333333,28.398958333333336,2.05890625,19.893229166666668,22.56927083333333,45.5625,0.6458333333333334,104.40104166666669,2025-03-06,0.0001237088587044,0.0352094266586494
109.328125,268.0364583333333,92.9943576388889,15.59921875,2.397220026350461,12.724479166666669,23.023958333333336,52.78125,0.3697916666666667,116.34375,2025-03-07,9.736550222890508e-05,
83.375,238.5,89.36666666666667,4.448369565217392,1.9224479166666668,13.375520833333333,23.65520833333333,53.125,0.3729166666666666,179.52083333333334,2025-03-08,8.689266415318066e-05,0.037015834015633
119.9375,269.74154589371983,88.515625,,2.34234375,17.1984375,24.39583333333333,53.76041666666666,0.6072916666666667,139.8125,2025-03-09,0.0001290279349933,0.0474057171822794
99.5,238.707729468599,74.88020833333333,22.290625,1.7970833333333334,25.203645833333336,25.744791666666668,51.520833333333336,0.8979166666666667,153.05208333333334,2025-03-10,0.0001175020034594,
136.33333333333334,373.0208333333333,110.72083333333336,18.716666666666665,2.277604166666667,17.410416666666666,25.35,56.34375,0.365625,142.08333333333334,2025-03-11,,
93.70833333333331,268.3743961352657,87.19270833333333,6.9914434523809526,1.5009375,11.496875,25.36458333333333,56.114583333333336,0.3526041666666666,90.32291666666669,2025-03-12,0.0001571188342293,0.0422907586818838
91.0,242.97916666666663,81.10625,17.818749999999998,1.4101041666666667,15.048958333333331,25.438541666666666,54.94791666666666,0.3645833333333333,152.41666666666666,2025-03-13,0.000232482723609,
108.16666666666669,212.54166666666663,83.04322916666666,18.5875,2.420260416666667,14.5328125,24.985416666666666,55.59375,0.465625,148.82291666666666,2025-03-14,0.0001028449617935,
34.317708333333336,86.27083333333333,59.05833333333334,14.219270833333333,1.0821875,15.260416666666666,23.8578125,56.630208333333336,1.2057291666666667,132.18229166666666,2025-03-15,0.0001491442609225,0.0362858536400868
43.223958333333336,124.875,75.1203125,13.701041666666669,1.1697916666666666,13.008519345238094,24.164583333333336,53.94791666666666,0.359375,86.97916666666667,2025-03-16,0.0001208460614755,0.0337873405139829
57.0,135.58333333333334,76.78177083333334,12.5375,1.2363020833333334,14.791145833333331,23.71875,58.04166666666666,0.3979166666666667,105.96875,2025-03-17,0.0001074974275731,0.0380694996258205
51.29166666666666,135.625,76.93020833333334,12.666145833333331,1.32671875,17.664732142857144,24.534375,54.614583333333336,0.4052083333333333,90.19791666666669,2025-03-18,7.3107327608225e-05,0.0334863478995476
77.0,198.9375,80.971875,13.323958333333332,2.2507291666666664,14.267708333333331,25.34166666666667,51.90625,0.359375,137.22916666666666,2025-03-19,9.423929675653368e-05,0.0371567581240453
63.25,208.89583333333331,73.60520833333334,6.452604166666667,2.49015625,13.51875,25.726041666666664,51.364583333333336,0.3864583333333333,112.26041666666669,2025-03-20,0.0001358827293094,0.0386250650885589
58.16666666666666,172.59178743961354,68.77760416666666,11.333333333333334,2.37921875,16.495833333333334,25.55625,50.177083333333336,0.421875,102.64583333333331,2025-03-21,9.038501575079505e-05,0.0378362107862039
75.79166666666667,246.19082125603865,80.78697916666667,14.239583333333334,2.52984375,14.4453125,25.546875,53.177083333333336,0.3989583333333333,134.20833333333334,2025-03-22,0.0001157771528493,0.0337604104329933
77.625,231.770202020202,87.35729166666665,6.402248677248677,3.029427083333333,20.1328125,26.023958333333336,50.15625,0.3739583333333333,152.63541666666666,2025-03-23,0.0001451675778023,
113.95833333333331,316.7291666666667,92.50520833333331,14.814583333333331,2.9561458333333337,19.374479166666667,26.61458333333333,49.489583333333336,0.4864583333333334,128.13541666666666,2025-03-24,0.0001781235766088,0.0472985702515299
128.08072916666666,318.3916083916084,96.30625,15.0239010989011,3.8437797619047616,24.06145833333333,27.3828125,47.473958333333336,0.4302083333333333,148.43229166666666,2025-03-25,0.0001796410977978,
150.9927536231884,364.1666666666667,88.08645833333333,35.27951388888889,4.535711805555556,14.232291666666669,28.515625,46.125,0.4125,171.08333333333334,2025-03-26,0.0002115128247807,0.0458450217717148
118.58333333333331,422.375,62.59957386363636,13.91059253246753,3.985434027777778,8.230729166666666,28.495833333333334,47.97916666666666,0.4114583333333333,147.64583333333334,2025-03-27,9.252389635275504e-05,0.038488277989526
64.22916666666667,310.4166666666667,45.6078125,11.677083333333334,2.219906832298137,13.829166666666666,28.696875,44.10416666666666,0.8104166666666667,152.47916666666666,2025-03-28,0.0001056859844892,
47.91919191919192,185.64583333333331,45.345312500000006,4.429076086956522,1.600920138888889,25.033854166666668,27.213541666666668,40.91666666666666,0.709375,112.67708333333331,2025-03-29,,
43.731884057971016,157.875,49.966145833333336,20.735416666666666,2.04453125,25.03125,28.50520833333333,40.5625,0.5010416666666667,151.125,2025-03-30,0.0001008614052335,0.0382660159439645
71.14005602240897,168.66666666666666,58.70989583333333,14.854166666666666,2.1069270833333333,19.7234375,29.59375,40.9375,0.3666666666666667,167.44791666666666,2025-03-31,9.07364848871398e-05,0.0355022291276464
57.92814009661836,192.34375,54.1390625,9.6296875,2.2488541666666664,22.916666666666668,29.876041666666666,39.46354166666666,0.4322916666666667,171.80208333333334,2025-04-01,0.0001127332988675,0.0355229399321337
92.0,280.4583333333333,65.34531249999999,18.6875,3.1844791666666663,15.541666666666666,30.08020833333333,41.41666666666666,0.3374999999999999,168.65625,2025-04-02,0.0001295481015733,0.0387966020064341
127.16608391608392,318.5416666666667,75.60781250000001,17.454138321995465,3.9566203703703695,13.457291666666668,31.09166666666667,39.739583333333336,0.3833333333333333,172.89583333333334,2025-04-03,0.0001632935777741,0.0401283947076085
93.47101449275362,318.1666666666667,69.31406249999999,11.55606884057971,3.54880787037037,16.720833333333335,31.85364583333333,38.958333333333336,0.375,144.36979166666666,2025-04-04,0.0001272435815696,0.0466069612732576
67.43236714975845,204.875,56.98072916666666,15.033522727272729,2.4219270833333333,15.623916997354495,31.285416666666663,41.4375,0.45,133.85416666666666,2025-04-05,0.0001095223960971,0.0402189993171176
85.70833333333333,247.04166666666663,67.64114583333334,10.922710944026733,3.410989583333333,12.813020833333333,31.68541666666667,42.82291666666666,0.3510416666666667,202.25,2025-04-06,0.0001170090127961,0.0455234566121418
148.25,371.75,69.46979166666667,25.19270833333333,4.226734848484849,14.133854166666666,32.963541666666664,43.65625,0.4739583333333333,172.51041666666666,2025-04-07,0.0001601030731625,
101.95833333333331,297.0416666666667,51.1046875,12.321849030470917,2.895399305555556,16.161979166666665,33.510416666666664,42.96875,0.8375,146.55208333333334,2025-04-08,0.0001282800758072,
94.41666666666669,295.5416666666667,43.05572916666667,11.27421875,3.631788194444444,13.716145833333334,34.047916666666666,46.1875,0.803125,166.85416666666666,2025-04-09,0.0001234011529947,
78.41145833333333,297.0885416666667,58.26967592592592,,2.291782407407408,12.27748015873016,33.196875,46.0625,0.7875,168.29166666666666,2025-04-10,0.0001691501948742,
39.333333333333336,157.875,36.618229166666666,,1.91265625,13.0265625,30.70520833333333,60.01041666666666,2.290625,144.79166666666666,2025-04-11,0.0001387295133326,0.0393449662221806
37.41666666666666,118.58333333333331,49.7640625,,3.74421875,19.1328125,30.338541666666668,55.57291666666666,0.8791666666666668,158.5625,2025-04-12,0.000190616675687,0.0412861001826931
61.0,180.625,86.53229166666667,10.139267037786777,1.505625,23.5609375,32.135416666666664,45.47916666666666,0.4781249999999999,217.44791666666663,2025-04-13,0.000156716821948,
61.333333333333336,231.95833333333331,65.47291666666666,,1.16578125,19.036979166666665,32.478125,48.21875,0.9520833333333334,174.10416666666666,2025-04-14,0.0001239996927324,0.0437620315777576
56.125,201.25,56.6578125,7.563858695652174,1.6098958333333335,23.752604166666668,33.046875,45.94791666666666,0.875,190.77083333333331,2025-04-15,0.0001456896570743,0.0443045138521057
81.58333333333333,259.5416666666667,63.603125,8.768431712962963,2.15984375,21.236979166666668,33.49375,45.552083333333336,0.6145833333333334,198.45833333333331,2025-04-16,8.462283410677871e-05,
80.54166666666667,267.2083333333333,66.62511574074074,13.8171875,2.319942129629629,30.34270833333333,33.71666666666667,45.15625,0.9572916666666668,208.47916666666663,2025-04-17,0.0001378363136539,
71.625,259.5416666666667,44.90625,,2.414322916666667,32.977604166666666,32.88333333333333,52.114583333333336,1.3520833333333335,177.29166666666666,2025-04-18,0.0001306870561373,
41.30729166666666,164.61979166666666,41.45572916666666,21.894791666666663,2.603541666666666,17.02733134920635,32.1375,54.609375,1.996875,180.421875,2025-04-19,9.054749536420114e-05,
55.833333333333336,185.83333333333331,41.71666666666667,,2.423125,21.9296875,33.02708333333333,52.94791666666666,1.565625,159.3125,2025-04-20,,0.0461071831331714
74.0,275.0416666666667,82.07760416666666,24.771875,3.18375,17.3203125,34.075,42.895833333333336,0.4624999999999999,196.60416666666663,2025-04-21,0.0001744322071317,0.0453233953086026
88.1875,297.5885416666667,107.59114583333331,,3.83953125,16.621875,33.141666666666666,33.541666666666664,0.4651041666666666,187.28645833333331,2025-04-22,0.0001553680980851,0.0356925662760678
76.74479166666667,279.515625,105.08958333333334,,3.0359375,23.65364583333333,33.07864583333333,33.567708333333336,0.5229166666666667,182.22395833333331,2025-04-23,0.0001338349228232,0.039842706464004
97.41666666666669,317.4166666666667,114.36510416666664,,3.87640625,20.855729166666663,33.16354166666667,34.645833333333336,0.4052083333333333,182.41666666666663,2025-04-24,0.0001413366162793,
147.54166666666666,374.0416666666667,106.60260416666668,27.066885964912284,3.5517708333333338,21.457465277777786,33.704166666666666,36.66666666666666,0.41875,164.38541666666666,2025-04-25,0.0001271999947856,
131.54166666666666,342.5833333333333,112.73177083333331,,2.8135937500000003,28.97083333333333,33.547916666666666,36.708333333333336,0.4614583333333333,171.39583333333334,2025-04-26,,
96.875,305.9583333333333,95.50677083333332,10.788541666666667,1.5199479166666665,24.66412037037037,33.975,35.270833333333336,0.4541666666666666,147.53125,2025-04-27,0.0001802962158313,0.049177460292192
116.41666666666669,346.7916666666667,74.45416666666667,12.444791666666667,1.8317708333333331,32.72239583333333,32.815625000000004,42.083333333333336,1.3791666666666669,177.01041666666666,2025-04-28,0.0001564369395711,0.057229101788275
72.95833333333333,237.83333333333331,48.94375,10.770833333333334,1.5223958333333334,30.88125,31.4375,49.63541666666666,2.120833333333333,145.41666666666666,2025-04-29,0.0001315973041687,
69.97628458498023,223.70256916996047,46.07009222661396,12.139969179371354,1.6300477602108037,25.57613636363636,31.95250329380764,51.30467720685112,1.6804347826086956,160.7437417654809,2025-04-30,0.0001349678379747,
85.16666666666667,204.078125,44.68541666666667,26.06041666666667,1.8166145833333331,26.352604166666666,32.52291666666667,51.796875,1.9338541666666669,172.13020833333334,2025-05-01,0.0001053027499851,0.0550857598930205
53.625,143.39583333333334,53.31927083333333,15.46875,1.7617708333333333,18.37604166666667,27.88958333333333,71.08333333333333,1.5916666666666666,159.34375,2025-05-02,,
98.33333333333331,222.0,65.35572916666666,20.876041666666666,2.5654166666666667,11.643229166666666,29.575,64.71875,0.7104166666666667,176.59375,2025-05-03,0.0001874377450729,0.048814513612357
92.125,240.91666666666663,66.47135416666667,17.745833333333334,,14.7078125,30.915625,57.01041666666666,1.18125,234.70833333333331,2025-05-04,,0.0533895851285814
41.677083333333336,125.95833333333331,56.17135416666667,15.226041666666667,1.4271006944444444,16.961458333333333,29.089583333333334,59.177083333333336,1.7885416666666665,202.44791666666663,2025-05-05,,
61.54166666666666,155.83333333333334,58.84427083333333,17.185416666666665,1.380625,17.161979166666665,30.434375,55.958333333333336,1.140625,179.71875,2025-05-06,0.0001283678937375,0.0433769859963598
56.91666666666666,139.95833333333334,56.98802083333334,19.115625,2.092552083333333,18.905729166666667,29.85,63.88541666666666,1.415625,191.88541666666663,2025-05-07,0.0001087769049061,0.0448134307205053
102.29166666666669,214.70833333333331,63.64947916666667,75.25416666666666,2.054427083333333,10.447916666666666,30.728125,59.989583333333336,1.0114583333333331,212.73958333333331,2025-05-08,0.0001090876742072,0.0492687191416866
69.75,178.0,57.48564814814815,12.625,2.5002199074074074,11.0734375,31.501041666666666,55.989583333333336,0.75,213.04166666666663,2025-05-09,0.0001383396180903,0.0433883840490907
117.875,255.08333333333331,66.72083333333333,13.9,1.88109375,10.878645833333332,31.219791666666666,58.395833333333336,0.5645833333333333,157.10416666666666,2025-05-10,,0.0462905576231887
82.25,183.3125,59.64166666666667,8.914583333333333,1.62265625,16.751562500000002,31.75520833333333,53.802083333333336,0.5041666666666667,175.82291666666666,2025-05-11,8.070600671805425e-05,
50.75,173.45833333333334,72.60781250000001,9.375,1.2906770833333334,25.4640625,32.734375,44.28125,0.4333333333333333,148.44791666666666,2025-05-12,9.89612744888256e-05,0.0422571077942833
26.08333333333333,146.54166666666666,62.04739583333333,9.496875,1.1968229166666666,15.888541666666669,31.96666666666667,49.927083333333336,0.5520833333333334,139.08333333333334,2025-05-13,0.0001112440541044,0.0436493655126212
67.08333333333333,260.1875,66.78125,11.521875,1.5933854166666668,12.9859375,32.49166666666667,48.5625,0.3479166666666666,137.1875,2025-05-14,0.0001116759099249,0.0355217587653518
203.20833333333331,,98.16197916666664,23.01458333333333,0.4252083333333333,14.0140625,33.453125,41.328125,0.3406249999999999,147.25520833333334,2025-05-15,9.239715666869693e-05,0.0544570420963945
93.20833333333331,327.4583333333333,88.284375,28.284895833333334,1.4625,27.8515625,33.62708333333333,43.71875,0.8145833333333333,174.28125,2025-05-16,0.0001364017098427,0.0479905866285072
59.88541666666666,200.6875,88.22643939393939,21.6546875,1.1272395833333333,11.01155303030303,32.453125,49.921875,0.4166666666666667,207.35416666666663,2025-05-17,8.488974386939847e-05,0.0406784273309332
66.41666666666667,218.66666666666663,74.15677083333334,23.490625,1.23828125,15.643229166666666,33.43333333333333,50.177083333333336,0.6302083333333334,171.44791666666666,2025-05-18,0.0001230028100018,0.0435622446238979
75.75,227.83333333333331,58.2890625,19.066666666666663,0.9928125,14.2953125,33.233333333333334,56.79166666666666,1.1197916666666667,179.02083333333334,2025-05-19,0.0001027217638793,0.0420449115335926
72.75,238.66666666666663,65.38645833333334,21.366666666666664,1.1196354166666669,18.253125,33.69479166666667,55.34375,1.053125,184.83333333333331,2025-05-20,0.0001283044603428,0.0455747544765456
67.04166666666667,203.08333333333331,56.28333333333333,33.13229166666667,1.7336979166666666,15.8140625,32.82604166666666,58.4375,1.6041666666666667,173.83333333333334,2025-05-21,0.0001265974743887,
33.208333333333336,85.16666666666667,57.5875,28.24895833333333,1.4852604166666667,17.4890625,30.057291666666668,62.114583333333336,1.81875,212.98958333333331,2025-05-22,6.047288970390471e-05,0.0467296501009043
46.833333333333336,116.66666666666669,54.8640625,26.73645833333333,1.4046875,21.936979166666664,31.70833333333333,59.520833333333336,1.7208333333333332,195.28125,2025-05-23,9.130443471086052e-05,0.0431002994695828
55.79166666666666,150.25,50.35833333333333,21.4,1.1173958333333334,21.99114583333333,32.6875,56.72916666666666,2.171875,192.03125,2025-05-24,8.927350313065159e-05,0.0425513683518881
34.57971014492754,86.97916666666667,70.90729166666667,24.16979166666667,1.2715625000000002,12.616145833333334,28.93541666666667,76.0625,1.1395833333333334,165.30208333333334,2025-05-25,,
49.201618186582806,115.75520833333331,51.567708333333336,30.71614583333333,1.5404891304347823,18.758854166666666,30.8359375,68.74479166666667,0.9286458333333334,189.05729166666663,2025-05-26,6.547864961995006e-05,0.0393812768161283
,124.390625,43.73802083333334,19.953125,1.374670138888889,14.259375,32.420833333333334,61.47916666666666,0.6010416666666666,201.3125,2025-05-27,,0.0390145714090498
61.458333333333336,168.95833333333334,49.6625,23.64270833333333,1.4816145833333332,14.679166666666667,33.32604166666667,58.927083333333336,0.5812499999999999,149.38541666666666,2025-05-28,0.000109107940414,0.0485781864256196
52.427083333333336,154.60416666666666,50.72760416666667,23.619791666666668,1.56453125,12.296354166666667,32.81875,59.13541666666666,0.5802083333333333,192.55729166666663,2025-05-29,0.0001808320664382,0.0544045574475723
69.41666666666667,238.75,70.08229166666666,28.58125,1.9261979166666665,6.610869565217392,31.976041666666664,58.114583333333336,0.5041666666666667,163.11458333333334,2025-05-30,,
99.5,344.9166666666667,74.28072916666666,27.33020833333333,2.0313131313131314,23.054166666666664,33.89895833333333,55.66666666666666,0.4708333333333332,177.48958333333334,2025-05-31,0.0001950687120063,0.0521348169464872
49.63541666666666,249.47916666666663,62.16197916666667,26.796875,1.2666666666666668,7.758854166666667,31.50625,56.505208333333336,0.6,157.92708333333334,2025-06-01,0.0001075717822162,0.0394718538072304
45.083333333333336,182.58333333333331,64.88385416666667,23.771875,,16.7921875,31.082291666666663,52.5,0.4197916666666666,174.19791666666666,2025-06-02,9.060946882889656e-05,
48.66666666666666,202.20833333333331,65.24079861111112,28.31338763575605,1.2414508928571428,14.505555555555556,30.246875,54.72916666666666,0.5906250000000001,191.61458333333331,2025-06-03,,
56.458333333333336,187.875,62.59583333333333,41.32083333333333,0.8428645833333334,11.045833333333334,30.414583333333336,55.54166666666666,0.4572916666666666,176.03125,2025-06-04,0.0002653734988863,0.0426489052964933
71.24739583333333,226.515625,69.24036458333333,25.499479166666664,0.753515625,30.558854166666663,31.697916666666668,49.96875,0.378125,173.63541666666666,2025-06-05,0.0001724887514312,
52.958333333333336,229.33333333333331,74.14010416666666,17.502083333333335,0.7880208333333334,33.03258101851852,32.86770833333333,49.864583333333336,0.4583333333333333,203.65625,2025-06-06,0.0001314918153064,0.0400766699490656
75.875,256.0833333333333,66.58437500000001,30.46666666666667,0.8455208333333334,27.579166666666666,33.978125,48.177083333333336,0.4614583333333333,206.95833333333331,2025-06-07,8.642637895437727e-05,0.0444754734635337
87.04166666666667,282.0416666666667,68.75,30.461458333333336,0.9554166666666668,33.88854166666667,35.065625000000004,47.052083333333336,0.3864583333333333,199.75,2025-06-08,9.943120676325282e-05,0.0452003051574279
81.875,325.4166666666667,86.89739583333333,25.811979166666664,1.0691666666666666,13.890733506944445,35.803125,42.96875,0.396875,133.84375,2025-06-09,9.255048647822125e-05,0.0420573890448523
61.5,344.9583333333333,78.62395833333333,20.355208333333334,1.2791145833333333,35.38255208333334,35.74375,38.0,0.421875,102.17708333333331,2025-06-10,8.731077734019249e-05,0.0391151982325534
83.08333333333333,322.4166666666667,69.87135416666666,28.11458333333333,1.1058854166666667,30.088541666666668,35.58645833333333,44.38541666666666,0.6276041666666666,194.88541666666663,2025-06-11,8.12440180888437e-05,
76.42129647313472,220.01277281746036,,22.26892361111111,,,,,,,2025-06-12,0.0001083423154932,
59.58486842105263,196.82208416583416,,26.33489583333333,,,,,,,2025-06-13,7.232295507297874e-05,0.0501795583949639
66.33333333333333,176.91666666666666,53.71458333333334,42.4625,1.0616666666666668,30.7125,34.384375,55.75,0.8104166666666667,186.01041666666663,2025-06-14,0.0001325579457075,0.0518757429832624
43.75,161.625,54.23854166666666,24.0234375,0.8589583333333334,22.759375,32.5125,58.020833333333336,1.2395833333333333,203.78125,2025-06-15,8.330531674208005e-05,0.0507481760760501
43.708333333333336,116.75,50.65520833333333,69.4953125,0.9953125,21.164583333333333,31.90520833333333,60.65625,0.9197916666666668,192.59375,2025-06-16,,
38.4375,93.41666666666669,51.965625,22.3171875,0.935,12.871875,30.76770833333333,72.83333333333333,0.8781249999999999,199.80208333333331,2025-06-17,,
45.25,87.375,52.64791666666667,22.634375,0.8579166666666667,15.684375,30.81041666666667,73.47916666666667,0.5041666666666667,168.11458333333334,2025-06-18,,0.0420762038248297
36.75,94.625,43.74479166666666,33.420833333333334,0.8109895833333334,7.392708333333334,31.615625,68.45833333333333,0.9729166666666668,148.55208333333334,2025-06-19,8.7889290128938e-05,0.0349550223313985
31.31993006993007,72.92995169082126,35.38854166666667,19.00217391304348,0.7146875,8.094502314814815,30.844791666666666,71.48958333333333,1.2,176.13541666666666,2025-06-20,,
31.276041666666668,80.36458333333333,32.66354166666667,47.75677083333333,1.3283854166666669,18.9484375,32.44583333333333,65.80729166666667,0.8671875,216.05208333333331,2025-06-21,7.040861985952362e-05,0.0444068846595855
37.375,99.54166666666669,37.079166666666666,19.37847222222222,1.0421875,12.768229166666666,32.264583333333334,65.91666666666667,0.6906249999999999,192.58333333333331,2025-06-22,,
47.41666666666666,111.83333333333331,33.485416666666666,21.071354166666666,1.1153125,16.536979166666665,32.34166666666667,66.08333333333333,0.7791666666666667,170.16666666666666,2025-06-23,,0.0433861192261991
45.79166666666666,97.85416666666669,37.21041666666667,43.606770833333336,1.296875,11.889699074074072,31.43125,73.48958333333333,0.521875,136.8125,2025-06-24,,
68.625,138.875,32.365625,18.1015625,1.264427083333333,10.96527777777778,31.278125,75.30208333333333,0.8447916666666666,145.25,2025-06-25,,
27.95833333333333,77.04166666666667,28.0015625,18.03645833333333,0.8376041666666666,1.9472222222222224,32.610416666666666,66.52083333333333,1.4135416666666665,190.79166666666663,2025-06-26,6.042513222044958e-05,0.0416821981528626
20.58333333333333,72.08333333333333,29.17760416666667,17.868750000000002,0.7747395833333334,5.2889178240740735,33.47708333333333,61.46875,1.515625,193.63541666666663,2025-06-27,6.736184206993728e-05,0.0358226553278227
31.416666666666668,101.83333333333331,38.24479166666666,20.070833333333333,1.05921875,3.733374669312169,32.0,68.77083333333333,0.6104166666666667,225.41666666666663,2025-06-28,,
35.458333333333336,75.58333333333333,38.67864583333333,18.735416666666666,1.0533854166666667,1.6508152173913044,29.897916666666664,80.14583333333333,0.5239583333333333,191.84375,2025-06-29,,
32.692708333333336,66.91666666666667,51.56354166666667,21.646875,1.2515625,3.7852536231884057,28.965625,84.36458333333333,0.4333333333333333,169.45833333333334,2025-06-30,,
30.484375,75.91666666666667,43.22239583333334,17.610416666666666,1.0302083333333334,3.986032608695652,30.980729166666663,74.46875,0.7833333333333333,214.75,2025-07-01,,
26.83333333333333,88.54166666666667,34.860416666666666,18.138541666666665,0.9366145833333334,2.604195601851852,32.53541666666667,66.35416666666667,1.1302083333333333,170.69791666666666,2025-07-02,8.938550048286145e-05,0.0396287441253648
25.541666666666668,71.83333333333333,29.47395833333333,12.652083333333332,0.8073437499999999,4.291811342592593,32.41875,67.51041666666667,1.3760416666666666,156.30208333333334,2025-07-03,,0.0399524876189905
28.95833333333333,74.25,35.40208333333333,17.430208333333333,1.073020833333333,4.461458333333333,32.56979166666667,73.10416666666667,0.6604166666666667,177.13541666666666,2025-07-04,,
37.54166666666666,94.625,38.57604166666667,25.976041666666664,0.9849479166666668,1.6059782608695652,32.63229166666667,69.13541666666667,0.56875,199.52083333333331,2025-07-05,,0.0342851616239543
49.54166666666666,120.33333333333331,33.89270833333333,26.652083333333334,1.06953125,2.7177083333333334,31.947916666666668,74.625,0.4229166666666666,161.59375,2025-07-06,,
34.333333333333336,86.04166666666667,69.64114583333334,20.599479166666665,1.184375,3.952715773809524,30.825,74.40625,0.4541666666666666,188.27083333333331,2025-07-07,9.908504580380044e-05,
42.97916666666666,149.91666666666666,49.388020833333336,30.66145833333333,1.2601041666666666,1.7957125603864734,32.86770833333333,66.38541666666667,0.3364583333333333,178.91666666666666,2025-07-08,,0.0373080012294512
25.58333333333333,92.0,49.43541666666667,26.469791666666666,0.9021354166666667,5.087659143518518,30.921875,72.65625,0.3833333333333333,155.60416666666666,2025-07-09,,
26.479166666666668,55.625,53.128125,19.88958333333333,1.0330208333333333,5.816145833333334,29.553125,81.51041666666667,0.4041666666666666,195.54166666666663,2025-07-10,,
55.395833333333336,110.52083333333331,59.96197916666667,27.16875,1.2457291666666668,6.082142857142857,30.8,78.125,0.3489583333333333,172.86458333333334,2025-07-11,,
64.625,129.54166666666666,57.1265625,23.603125,1.3020833333333333,6.947395833333334,30.91875,72.14583333333333,0.4885416666666666,181.69791666666663,2025-07-12,,
43.38541666666666,95.75,50.509375,23.25,1.0075520833333331,3.1508391203703705,31.219791666666666,74.9375,0.5958333333333333,175.9375,2025-07-13,0.0001137348156744,0.0394841917175016
22.291666666666668,42.75,39.39270833333333,19.679166666666667,0.8765625,1.2250578703703705,31.132291666666664,79.75,1.8364583333333333,222.5625,2025-07-14,,
21.854166666666668,46.208333333333336,32.829166666666666,21.1625,0.7708854166666667,2.5161458333333333,31.559375,79.46875,1.975,201.46875,2025-07-15,,0.0342445969581591
34.791666666666664,81.625,37.34583333333333,23.180208333333336,0.89546875,1.5005208333333335,32.15208333333333,77.94791666666667,0.8447916666666666,197.05208333333331,2025-07-16,,
27.416666666666668,69.0,35.8296875,26.51458333333333,0.7481249999999999,1.9485984848484847,31.977083333333336,76.66666666666667,1.1604166666666669,220.41666666666663,2025-07-17,,
32.007246376811594,58.031400966183575,39.88645833333333,20.004166666666663,0.8422916666666667,2.28671875,31.75,81.27083333333333,1.746875,242.10416666666663,2025-07-18,3.608273147275789e-05,0.0371612398492686
22.33333333333333,48.0,31.109895833333336,18.53125,0.7441666666666666,3.254166666666667,32.62083333333333,74.82291666666667,1.5239583333333335,166.21875,2025-07-19,,
36.04166666666666,103.625,44.6515625,19.403125,0.8172395833333334,4.682103174603175,33.670833333333334,70.22916666666667,0.4177083333333333,212.82291666666663,2025-07-20,,
56.708333333333336,114.79166666666669,47.7453125,24.054166666666664,1.4134375,2.152777777777778,31.71770833333333,81.59375,0.4208333333333333,184.125,2025-07-21,,
60.375,110.79166666666669,58.04010416666666,24.88020833333333,1.38390625,2.0501136363636365,30.410416666666663,82.32291666666667,0.334375,179.83333333333334,2025-07-22,,
37.25,75.1875,48.08020833333333,18.945833333333333,1.2681076388888888,1.1667140151515152,29.80625,86.07291666666667,0.3364583333333333,182.77083333333331,2025-07-23,,
50.9375,134.52083333333334,49.26510416666667,24.39658385093168,0.7195312500000001,3.3723904416839203,32.541666666666664,71.08333333333333,0.3135416666666666,193.5,2025-07-24,5.183567722081033e-05,0.0375985714763015
54.958333333333336,211.0644750254842,48.80364583333333,19.240732265446223,0.6815625,5.963541666666667,32.8875,67.41666666666667,0.33125,117.11458333333331,2025-07-25,7.265158328887118e-05,0.0363231121166696
36.78125,,29.852604166666666,31.377604166666668,0.6196354166666667,10.771599369988545,32.2203125,67.91145833333333,0.5447916666666667,129.67708333333334,2025-07-26,0.0001195057545836,0.0435622158100691
39.21858465608466,,,,0.6378125,,32.34576388888889,68.04431216931216,0.7407374338624338,126.67420634920634,2025-07-27,6.391564110674759e-05,0.0377279200445329
49.04166666666666,117.5625,27.242708333333336,18.21388888888889,0.7206770833333334,,31.95208333333333,71.359375,0.4197916666666666,143.78125,2025-07-28,,
33.125,60.583333333333336,45.47291666666666,23.93125,0.6593749999999999,10.153645833333334,29.713541666666668,84.94791666666667,0.5364583333333334,221.5,2025-07-29,,
31.4375,66.27083333333333,46.17604166666666,23.33020833333333,0.53390625,9.1671875,30.235416666666666,79.57291666666667,0.9572916666666668,202.76041666666663,2025-07-30,,0.0339233055724274
41.1231884057971,59.79166666666666,42.37135416666667,21.6390625,0.6847395833333333,9.449378881987576,29.18541666666667,87.73958333333333,0.6114583333333333,153.875,2025-07-31,,
32.354166666666664,77.05729166666667,37.0890625,21.60482804232804,0.7333854166666667,10.471354166666666,30.1796875,81.05208333333333,0.3354166666666666,164.703125,2025-08-01,,0.0319443480841673
36.208333333333336,118.79166666666669,43.97760416666667,41.74201388888889,0.5803125,10.115104166666669,30.85729166666667,75.14583333333333,0.4177083333333333,119.05208333333331,2025-08-02,,0.0354864472312647
40.18115942028985,124.87412587412588,41.303125,6.826276919149726,0.6338020833333333,9.965104166666666,30.426041666666663,77.71875,0.41875,158.0,2025-08-03,,
36.5,128.29166666666666,40.37760416666666,41.02708333333333,0.5772395833333334,10.919791666666669,30.879166666666663,73.11458333333333,0.3687499999999999,126.32291666666669,2025-08-04,,
38.35416666666666,123.29166666666669,51.94375,11.771428571428572,0.615625,11.413020833333334,30.769270833333334,72.48958333333333,0.3473958333333333,133.36458333333334,2025-08-05,,
35.5,136.375,41.97604166666667,13.3849128540305,0.5891145833333333,11.203125,31.38958333333333,68.58333333333333,0.3322916666666666,133.94791666666666,2025-08-06,6.807701227618912e-05,0.0386345541808729
50.79166666666666,252.75,48.00208333333333,29.4640625,0.7233854166666666,15.628645833333335,32.1,64.13541666666667,0.44375,156.3125,2025-08-07,7.880376696863808e-05,0.0336612889329527
60.677083333333336,294.8333333333333,42.70885416666667,22.336458333333336,0.5644791666666666,14.763194444444444,32.353125,61.552083333333336,0.45,203.0,2025-08-08,6.007452612048399e-05,
29.8125,95.65151515151516,39.883854166666666,41.16979166666667,0.7209374999999999,17.943287037037038,28.384375,86.98958333333333,0.3708333333333333,121.01041666666669,2025-08-09,,
53.625,137.02083333333334,51.17083333333333,18.757233187134503,0.7694791666666667,20.116666666666667,30.565625,77.33333333333333,0.303125,136.86458333333334,2025-08-10,,0.0435480069135254
45.5,162.95833333333334,43.48229166666667,25.75520833333333,0.6224479166666667,23.093055555555555,31.14583333333333,71.02083333333333,0.3822916666666666,155.70833333333334,2025-08-11,,
53.92512077294686,125.11835748792272,49.44739583333333,30.227604166666666,0.7283333333333334,16.238368055555558,30.47395833333333,77.0625,0.3291666666666666,157.66666666666666,2025-08-12,5.21368369676279e-05,0.0439719268549522
61.91666666666666,190.08333333333331,50.15416666666667,25.340104166666663,0.9563333333333334,19.936979166666667,31.73177083333333,70.02083333333333,0.315625,176.22395833333334,2025-08-13,6.117082120893131e-05,0.0402013760633023
49.468531468531474,80.51748251748252,48.25416666666666,61.09270833333333,0.7864270833333333,16.825520833333332,29.365625,85.34375,0.38125,205.80208333333331,2025-08-14,,
68.98840048840049,98.17132867132868,44.36041666666667,11.084641873278237,0.8053645833333333,18.035416666666663,29.391666666666666,86.22916666666667,0.3208333333333333,193.6875,2025-08-15,,0.0414350628023605
62.25,97.41666666666669,36.4828125,16.367708333333333,0.9753125,20.941145833333334,30.619791666666668,81.08333333333333,0.453125,154.29166666666666,2025-08-16,,0.0429317153366333
53.875,93.77083333333331,45.44427083333333,35.764583333333334,0.7978125,14.791145833333331,30.60625,78.57291666666667,0.4781249999999999,195.36458333333331,2025-08-17,,0.0369858223126699
58.958333333333336,109.4375,37.20729166666667,29.48125,0.7712500000000001,13.753125,31.01770833333333,75.78125,0.875,181.11458333333331,2025-08-18,5.640027526661875e-05,0.0383289579390252
55.25,111.33333333333331,38.278125,25.744791666666668,0.7796875,16.584895833333334,31.43645833333333,74.4375,0.6791666666666667,162.29166666666666,2025-08-19,,
44.82038926681784,94.359375,25.592057291666663,,1.0016443452380952,15.469593253968254,31.390873015873016,69.06547619047619,1.3679563492063491,188.9965277777778,2025-08-20,5.328434452991224e-05,0.0393433274195426
55.083333333333336,118.22916666666669,24.461458333333336,,1.6458333333333333,14.705729166666666,30.305208333333336,68.27083333333333,0.990625,147.67708333333334,2025-08-21,,0.0352165451058791
82.45833333333333,174.75,35.72083333333333,,1.9218229166666667,18.370833333333334,29.866666666666664,72.52083333333333,0.365625,152.45833333333334,2025-08-22,,
47.97916666666666,103.50520833333331,25.983854166666664,,1.6291666666666669,12.591666666666669,28.1953125,75.52604166666667,0.7463541666666668,159.75520833333334,2025-08-23,6.389153725104243e-05,0.0320220789919877
36.833333333333336,77.33574879227054,23.03020833333333,26.957291666666663,1.6488541666666665,8.074479166666666,26.575,77.58333333333333,0.75,174.125,2025-08-24,,0.0363073337905465
36.891304347826086,66.04830917874396,21.169791666666665,27.08125,1.6558541666666666,8.517708333333333,25.964583333333334,80.33333333333333,1.5833333333333333,188.84375,2025-08-25,,
40.91414141414141,70.67874396135265,21.278125,34.44375,1.7207083333333333,8.569791666666667,26.057291666666668,82.58333333333333,1.2,152.52083333333334,2025-08-26,,
52.645833333333336,100.83333333333331,27.775,23.19270833333333,2.021354166666667,9.03923611111111,26.184375,81.89583333333333,0.4354166666666666,136.35416666666666,2025-08-27,,0.0401108861289727
85.47916666666667,156.75,29.06770833333333,25.746875,2.1597916666666666,9.598958333333334,27.59270833333333,74.75,0.7239583333333334,145.03125,2025-08-28,,0.0378553859593932
60.99553140096618,91.1206797235023,27.038783212560386,32.19833877995643,1.794725806451613,14.419633942286591,26.333054915514595,84.43913210445469,0.7358246927803379,183.8014592933948,2025-08-29,,
51.245726495726494,,23.856145833333333,24.6575,,,,,,,2025-08-30,,0.042119442975991
45.4375,84.6875,23.885416666666668,33.03958333333333,1.5767708333333337,8.738541666666666,26.48958333333333,79.29166666666667,0.7687499999999999,170.05208333333334,2025-08-31,,
24.77053140096618,50.26256613756614,19.68958333333333,26.2203125,1.5180729166666669,11.14546130952381,25.831770833333334,83.85416666666667,1.6572916666666666,181.96354166666663,2025-09-01,,0.0378679145108775
16.412863756613756,31.624338624338623,15.186363636363636,,1.4450378787878788,11.03811553030303,26.28297101449275,85.24124053030303,1.7597064393939392,212.97135416666669,2025-09-02,,
40.46135265700483,70.3671497584541,21.41979166666667,,1.621875,11.032291666666666,25.604166666666668,83.52083333333333,0.55625,170.98958333333334,2025-09-03,,
46.8125,76.85416666666667,19.641145833333333,,1.6553125,19.7390625,26.620833333333334,80.39583333333333,0.4979166666666666,199.73958333333331,2025-09-04,,0.0369951616221409
50.5,92.75,21.421354166666664,,1.665625,12.928645833333334,26.679166666666664,78.00520833333333,1.1828125,199.18229166666663,2025-09-05,,0.0399478263598141
54.625,98.22916666666669,23.21666666666667,31.48125,1.7133854166666669,13.108333333333334,27.11145833333333,77.13541666666667,0.775,167.16666666666666,2025-09-06,5.0366404218097794e-05,0.0359039348388668
46.6875,89.85416666666667,23.227083333333336,23.984375,1.6866666666666663,11.359895833333333,26.56458333333333,79.5,0.7041666666666666,187.34375,2025-09-07,,
69.1875,139.33333333333334,24.1953125,28.06041666666667,1.7882291666666663,14.032291666666666,27.719791666666666,71.4375,0.4510416666666666,183.60416666666663,2025-09-08,9.155718260614894e-05,0.033658820125846
61.145833333333336,142.703125,26.526041666666668,36.465625,1.5591145833333335,7.189583333333334,28.277083333333334,67.86458333333333,0.31875,158.32291666666666,2025-09-09,7.361817744296015e-05,0.0340956236550642
39.625,87.25,31.24427083333333,30.296354166666664,1.3998437499999998,6.329166666666667,28.253645833333334,68.234375,0.4468749999999999,161.890625,2025-09-10,5.0310653526764e-05,0.0354427668416422
53.75,128.91666666666666,29.05260416666667,31.06145833333333,1.4228125,6.423958333333334,27.804166666666664,64.57291666666667,0.4197916666666666,177.21875,2025-09-11,6.56516640447075e-05,0.0360881015658375
70.75,191.54166666666663,30.64375,24.26354166666667,1.5389583333333334,5.520833333333333,27.844791666666666,64.77083333333333,0.3385416666666667,199.64583333333331,2025-09-12,,
81.41666666666667,236.91666666666663,30.960416666666664,17.694791666666667,1.6089583333333335,4.645833333333333,28.44270833333333,63.895833333333336,0.309375,155.34375,2025-09-13,8.250850016468479e-05,0.0407016736678586
111.41666666666669,327.1666666666667,38.615625,25.63125,1.8770833333333328,3.6359375,28.48333333333333,64.42708333333333,0.3145833333333333,187.67708333333331,2025-09-14,,0.0384845547378062
86.7974537037037,330.57986111111114,37.49583333333333,30.297685185185188,1.9085416666666664,4.2562500000000005,28.99375,60.32291666666666,0.3395833333333333,176.59375,2025-09-15,7.579943880742198e-05,0.0382749185614029
58.958333333333336,264.3802083333333,35.0765625,17.989583333333332,1.7445833333333332,6.107291666666666,28.993229166666666,61.77604166666666,0.3578125,169.46875,2025-09-16,0.0001026244753869,0.0384564739588973
54.833333333333336,150.33333333333334,40.72864583333333,21.4625,1.7604166666666667,7.9359375,27.80208333333333,70.8125,0.4104166666666666,189.33333333333331,2025-09-17,,0.0400515571236607
54.75,159.70833333333334,42.27291666666667,26.39375,1.7984375,5.652604166666666,27.846875,70.0,0.3874999999999999,192.01041666666663,2025-09-18,,0.0449707678858238
74.0625,232.83333333333331,34.050000000000004,29.69375,1.932604166666667,6.59375,28.633333333333336,66.53125,0.3135416666666666,139.82291666666666,2025-09-19,7.966661946399021e-05,0.0335589953929695
53.4375,242.0,32.38229166666667,19.522916666666667,1.8133333333333332,11.01875,28.62291666666667,64.5625,0.3416666666666666,182.0625,2025-09-20,9.284928917606868e-05,0.0348033100051241
83.77083333333333,274.4166666666667,33.3203125,32.7125,1.7500208333333334,7.881770833333333,28.719791666666666,61.395833333333336,0.340625,209.55208333333331,2025-09-21,6.379357102594832e-05,0.0351607232644578
94.23874577153266,328.8164251207729,32.458333333333336,20.885416666666668,1.623625,7.990104166666666,28.891666666666666,59.427083333333336,0.3552083333333333,185.32291666666663,2025-09-22,6.356831727316554e-05,0.0364391170442103
,331.7395833333333,33.23645833333333,25.49791666666667,1.571875,10.466666666666669,28.75,55.13541666666666,0.3999999999999999,215.5,2025-09-23,6.802464332789424e-05,0.0349441887049806
45.895833333333336,305.7083333333333,33.447916666666664,27.90625,1.643541666666667,10.952083333333334,28.445833333333336,56.51041666666666,0.3729166666666666,163.73958333333334,2025-09-24,8.858821383708214e-05,0.0311640757319005
46.55225752508361,304.0416666666667,33.8890625,27.94427083333333,1.5767708333333337,11.74375,28.45520833333333,58.65625,0.346875,148.71875,2025-09-25,0.0001044801637258,0.034483487147878
38.24479166666666,180.0,30.292708333333334,17.157441471571907,1.546105324074074,14.334375,28.628125,59.71354166666666,0.3374999999999999,180.42708333333331,2025-09-26,6.690593047773631e-05,
91.6875,245.875,27.16060606060606,35.340625,1.561287878787879,17.17481884057971,29.228125,60.40625,0.3729166666666666,137.01041666666666,2025-09-27,0.0001791932810837,
46.10353535353536,130.5625,19.31927083333333,19.17395833333333,1.0248437499999998,6.739895833333333,29.495833333333334,59.770833333333336,0.9833333333333334,182.58333333333331,2025-09-28,0.0001101577998825,0.0375988014358369
33.5,114.08333333333331,17.1203125,27.06113095238096,1.0263020833333334,4.293301820728291,29.241666666666664,59.78125,0.5447916666666667,205.97916666666663,2025-09-29,8.520748992154524e-05,0.0362838511263318
45.458333333333336,154.27083333333334,20.620833333333334,35.22430555555555,1.10953125,2.3301010101010102,25.569791666666664,73.25,0.4854166666666666,188.08333333333331,2025-09-30,,
48.47916666666666,148.31770833333334,21.155729166666667,15.726099537037037,1.2046875,5.176432291666667,26.70989583333333,69.73958333333333,0.3041666666666666,127.80208333333331,2025-10-01,8.319161003506819e-05,0.0423667533436863
53.833333333333336,136.66666666666666,16.453125,62.24930555555556,1.1247916666666666,2.5941840277777777,26.71875,73.20833333333333,0.4645833333333333,152.82291666666666,2025-10-02,,0.0414930223799812
42.16666666666666,116.45833333333331,18.17864583333333,27.46875,1.23421875,1.7953125,26.775,69.98958333333333,0.3479166666666666,218.41666666666663,2025-10-03,,0.0385661014155111
90.75,212.375,21.79479166666667,17.140625,1.2364583333333334,2.412789351851852,27.29583333333333,66.54166666666667,0.3062499999999999,148.26041666666666,2025-10-04,0.0001148960031824,0.0399684759955217
76.39583333333333,275.8333333333333,23.91145833333333,27.675891666666665,1.4433333333333334,4.9484375,27.09895833333333,65.22916666666667,0.3354166666666666,119.53125,2025-10-05,8.413216493293934e-05,0.042017067843505
43.0,107.70833333333331,20.690625,63.35760869565218,1.0704166666666668,3.541145833333333,23.26770833333333,79.10416666666667,0.484375,140.42708333333334,2025-10-06,,
30.375,60.375,20.263541666666665,55.64982638888889,1.0901041666666669,9.784375,23.415625,78.72916666666667,0.6739583333333333,201.69791666666663,2025-10-07,7.250929181895956e-05,0.032640233011698
55.708333333333336,120.20833333333331,23.805208333333336,20.43177083333333,1.2319791666666666,14.826041666666669,23.266666666666666,78.02083333333333,0.325,152.125,2025-10-08,0.0001011211450459,0.0353272296488285
39.583333333333336,137.25,23.89270833333333,42.51875,1.196875,21.652083333333334,24.30625,68.41666666666667,0.3062499999999999,114.4375,2025-10-09,7.447346568019855e-05,0.0296638730207019
65.04166666666667,265.6666666666667,28.84166666666667,19.089583333333334,1.2709375,30.269791666666663,24.222916666666663,63.770833333333336,0.3020833333333333,157.44791666666666,2025-10-10,0.0001263918624658,0.0379544273018837
90.79166666666669,348.1666666666667,29.60104166666667,16.986458333333335,1.5605208333333334,22.66875,24.460416666666664,66.63541666666667,0.3125,190.85416666666663,2025-10-11,0.0001151631017535,0.0381651684604517
72.20833333333333,361.9375,28.553125,30.040625,1.284166666666667,32.025,25.316666666666663,59.4375,0.3583333333333333,155.26041666666666,2025-10-12,9.708272207689256e-05,
90.54166666666669,424.125,29.603125,30.016666666666666,1.5578125,30.72447916666667,25.33020833333333,59.114583333333336,0.3395833333333333,144.75,2025-10-13,0.000106925434318,
102.66666666666669,414.2255608974359,32.1375,23.844791666666666,1.4727083333333333,31.869791666666668,25.346875,56.82291666666666,0.3416666666666666,166.23958333333334,2025-10-14,0.0001234586527219,
142.04166666666666,440.506993006993,33.18333333333333,,1.6610416666666667,18.02083333333333,25.10729166666667,55.30729166666666,0.3052083333333333,222.33333333333331,2025-10-15,0.0001696278496936,
136.65625,456.3863636363636,34.557291666666664,31.215104166666663,2.152875,18.719791666666666,24.84583333333333,60.0,0.3114583333333333,246.11458333333331,2025-10-16,0.0001439432210465,0.0389622602459772
136.75520833333334,446.3125,33.401041666666664,41.275,2.1055625,17.330208333333335,25.21875,61.96875,0.3374999999999999,206.25,2025-10-17,0.0001032947393461,
162.25,519.9734299516908,33.463541666666664,30.71614583333333,2.160520833333333,16.798437500000002,25.678125,63.09375,0.3260416666666667,147.30208333333334,2025-10-18,0.0001445684459179,
245.66666666666663,525.0161943319838,35.55833333333333,58.24479166666666,2.1230208333333334,13.469791666666666,25.91979166666667,62.07291666666666,0.33125,164.70833333333334,2025-10-19,0.0001857835643642,0.0491120703518378
236.8761244377811,446.6643274853801,52.62083333333334,25.63177083333333,2.03125,11.771354166666669,25.68645833333333,60.53125,0.4041666666666666,233.6875,2025-10-20,0.0001466512088902,0.0442781773508589
214.73684210526315,381.8421052631579,60.6,19.640625,1.7680208333333336,20.4625,26.676041666666663,61.9375,0.38125,173.28125,2025-10-21,,0.0379922169821807
253.04166666666663,529.4251207729468,76.87291666666667,18.916666666666668,2.0460416666666665,21.9,26.54583333333333,63.5,0.3041666666666666,170.26041666666666,2025-10-22,,
185.16666666666663,494.35294117647055,84.39375,22.315625,2.1134375,23.29895833333333,25.11145833333333,55.79166666666666,0.3270833333333333,184.07291666666663,2025-10-23,,0.0519700695848105
189.16666666666663,469.015479876161,88.21770833333333,22.03125,2.595520833333333,20.95208333333333,23.735416666666666,61.22916666666666,0.4166666666666667,191.60416666666663,2025-10-24,,0.0480290874838811
237.81770833333331,560.6839464882943,99.83958333333334,25.649479166666666,3.298645833333333,21.67864583333333,24.183333333333334,61.47916666666666,0.38125,224.34375,2025-10-25,,
219.95833333333331,509.0,80.13125000000001,34.16770833333333,3.664739583333333,23.20833333333333,24.182291666666668,60.85416666666666,0.3427083333333333,148.9375,2025-10-26,,0.0515986052237928
198.5,434.3333333333333,64.62708333333333,33.947916666666664,2.630729166666667,21.103125,23.709375,61.60416666666666,0.5052083333333334,122.0,2025-10-27,,
142.875,264.25,60.15833333333333,25.863541666666663,2.0085416666666664,22.838541666666668,23.339583333333334,61.520833333333336,0.39375,152.95833333333334,2025-10-28,,
204.96354166666663,367.8072916666667,66.82187499999999,29.532291666666666,2.7218750000000003,24.425,23.56145833333333,66.57291666666667,0.3062499999999999,177.40625,2025-10-29,,
233.0,395.9166666666667,72.59479166666667,39.165625,2.4267708333333333,19.972916666666663,23.667708333333334,70.80208333333333,0.3645833333333333,239.64583333333331,2025-10-30,,
113.6875,225.04166666666663,71.846875,39.844791666666666,2.935885416666667,20.00208333333333,24.71770833333333,73.22916666666667,0.3208333333333333,187.97916666666663,2025-10-31,,
212.02083333333331,381.9947916666667,87.30624999999999,42.60052083333333,3.6321875,23.59947916666667,24.086979166666666,66.54166666666667,0.3541666666666667,181.94791666666663,2025-11-01,,0.0574576359684747
216.58333333333331,390.4166666666667,90.81875,18.040625,3.872135416666667,25.063541666666666,24.040625,57.13541666666666,0.3239583333333333,194.53125,2025-11-02,,0.0514830287753774
227.125,444.0416666666667,96.44375,13.826041666666669,3.01984375,25.31041666666667,23.472916666666663,56.84375,0.7885416666666667,185.125,2025-11-03,,0.0505100645377852
170.5,388.0833333333333,80.70520833333333,30.815625,3.7327552083333337,20.238541666666663,24.089583333333334,60.395833333333336,0.6572916666666667,181.8125,2025-11-04,0.0001246255393414,
116.5,233.5,59.677083333333336,30.58333333333333,2.650208333333333,21.18645833333333,24.509375,60.51041666666666,0.5114583333333333,166.52083333333334,2025-11-05,0.0001284745144857,0.0408856382736411
165.125,299.5833333333333,81.65416666666667,29.22395833333333,2.864583333333333,34.682291666666664,22.445833333333336,47.40625,0.4833333333333333,148.20833333333334,2025-11-06,0.0001360189986734,0.0371532586514485
238.83333333333331,408.0833333333333,102.96666666666664,36.22916666666666,3.2521875,41.49791666666667,22.25,47.520833333333336,0.4364583333333333,130.48958333333334,2025-11-07,0.0001013878093468,
303.2916666666667,466.0797101449276,127.90416666666664,39.665625,3.681770833333333,44.415990259740255,21.835416666666664,47.66666666666666,1.4,161.20833333333334,2025-11-08,8.506696189829779e-05,0.0456157922744734
250.04166666666663,410.375,138.578125,43.76145833333334,3.5796875,38.32708333333333,22.08333333333333,49.020833333333336,1.4114583333333333,134.48958333333334,2025-11-09,8.113087227079551e-05,0.0417106939619549
304.2083333333333,486.75,151.08333333333334,47.58958333333334,4.272916666666666,34.169270833333336,21.43541666666667,53.1875,0.9,130.09375,2025-11-10,0.0001216247262356,0.0467680364189102
350.625,560.375,158.8375,48.42291666666667,3.561145833333333,18.066666666666663,18.669791666666665,54.54166666666666,0.6989583333333332,93.64583333333331,2025-11-11,0.0001314423888039,0.0489969576246095
346.1197916666667,538.8125,138.96822916666667,51.4015625,3.54734375,13.35315476190476,18.58489583333333,53.739583333333336,0.6359374999999999,144.48958333333334,2025-11-12,0.0001057650722716,0.0469938775471857
324.6038647342995,548.5030193236715,133.23385416666667,47.27552083333333,3.0058333333333334,12.358773291925468,18.05625,57.333333333333336,0.4708333333333332,182.671875,2025-11-13,9.879789909693197e-05,0.0488659478328347
267.76666666666665,474.7651515151516,109.52897727272726,38.64772727272727,3.419458333333333,6.29030303030303,17.791515151515153,57.425,0.4395833333333332,165.92954545454543,2025-11-14,0.0001475037715863,0.0540473014116267
268.640625,471.0416666666667,116.8875,38.16041666666667,3.4079166666666665,6.594791666666667,18.025,55.9375,0.7614583333333332,207.15625,2025-11-15,0.0001129187221522,0.0506309293778255
275.78125,458.0833333333333,112.60729166666664,45.15416666666667,3.146875,5.943229166666666,18.011458333333334,54.958333333333336,0.3135416666666666,182.16666666666663,2025-11-16,0.0001126010454916,0.0388365983962998
254.83333333333331,454.2083333333333,110.61145833333336,48.00625,3.2646875000000004,6.76875,17.835416666666667,57.19791666666666,0.7552083333333334,237.08333333333331,2025-11-17,0.0001276229055929,0.0447659022907759
277.2083333333333,491.5416666666667,128.00104166666668,42.833333333333336,4.5021875,5.922916666666667,17.858333333333334,66.15625,0.8302083333333333,268.0729166666667,2025-11-18,0.0001388688269495,0.0515619914744043
317.375,545.9791666666666,138.04166666666666,45.04583333333333,4.221979166666666,6.441145833333334,18.326041666666665,65.96875,0.3489583333333333,222.65625,2025-11-19,0.0002163939135557,0.0566021590814686
281.8958333333333,504.25,137.36666666666667,46.84166666666667,4.113020833333334,9.6421875,18.360416666666666,67.4375,0.3072916666666667,146.9375,2025-11-20,0.000208026534893,0.0602512442609962
302.5833333333333,519.2916666666666,109.13020833333331,51.09166666666667,4.717708333333333,17.744791666666668,18.527083333333334,69.55208333333333,0.3041666666666666,187.07291666666663,2025-11-21,0.000161909523077,0.0531325991807498
295.6666666666667,506.7916666666667,129.00312499999998,52.975,4.211145833333333,17.838541666666668,18.294791666666665,68.46875,0.3,148.75,2025-11-22,0.0001409210453975,0.0505290239579377
351.0416666666667,554.5120772946859,148.47916666666666,53.78541666666666,4.5359375,17.427083333333332,17.888541666666665,66.32291666666667,0.5031249999999999,196.33333333333331,2025-11-23,0.000288769010607,0.0545580866928403
277.5833333333333,476.3333333333333,126.01666666666668,33.102604166666666,3.9104166666666655,17.966666666666665,17.621651785714285,66.42912946428571,0.7310825892857142,146.3703497023809,2025-11-24,0.0001994154868158,0.0482975852070805
236.95833333333331,421.8958333333333,117.88445652173912,46.24791666666667,3.318171875,15.215178571428572,,,,,2025-11-25,9.45177368487053e-05,0.0450705755655607
214.91145833333331,388.65625,103.77395833333333,44.98489583333333,4.52625,14.518923611111113,17.606770833333332,60.75,1.2630208333333333,136.69270833333334,2025-11-26,0.0001499552526241,0.0436831878585468
307.66183574879227,512.9401709401709,102.771875,58.44590301003344,1.7307291666666669,18.19270833333333,17.164583333333333,62.020833333333336,1.646875,217.88541666666663,2025-11-27,0.0002859979463454,0.0409218276650252
260.65625,421.0965909090909,102.35052083333332,59.39739583333333,3.1802272727272727,18.071354166666666,17.367708333333333,63.567708333333336,1.2875,196.36458333333331,2025-11-28,0.0001488122345869,0.0450884887968851
142.25,274.75,93.70833333333331,69.03628747795415,2.2105729166666666,18.17395833333333,18.0125,53.625,0.41875,119.1875,2025-11-29,8.059858131142519e-05,
147.29166666666666,286.0,104.31458333333336,,2.81125,18.586979166666666,17.022916666666667,52.41666666666666,1.0510416666666669,98.78125,2025-11-30,,
215.69791666666663,394.28125,106.20989583333332,103.9463768115942,3.68390625,18.54375,16.493229166666666,56.114583333333336,2.0390625,135.85416666666666,2025-12-01,0.0002363352272497,0.0416551218556041
272.9166666666667,468.4583333333333,112.73854166666666,,3.1754166666666666,15.067534722222222,17.334374999999998,55.59375,1.7291666666666667,216.5625,2025-12-02,0.0002220713139323,0.0547434128820875
191.41666666666663,330.0625,87.53645833333333,44.40104166666666,2.974479166666667,13.26345029239766,16.323958333333334,56.083333333333336,1.2010416666666666,253.5625,2025-12-03,0.0001163069215792,0.0402604117989525
171.45833333333334,304.4166666666667,86.14791666666667,30.855208333333334,2.9840625000000003,14.270183000604964,16.105208333333334,55.35416666666666,0.39375,234.53125,2025-12-04,0.0002065722902415,
207.79166666666663,351.1666666666667,106.29270833333334,35.376041666666666,3.448229166666667,15.97278409090909,16.005208333333332,59.3125,0.3,204.70833333333331,2025-12-05,0.0001905843573919,0.0426060422212442
185.58333333333331,318.9583333333333,103.61979166666669,38.645833333333336,2.9017708333333334,13.44353354978355,16.95625,53.97916666666666,0.3083333333333333,139.38541666666666,2025-12-06,9.547796592216426e-05,0.0402664751921535
181.375,311.375,100.3625,47.978125,2.4303125,5.426299283154122,17.275000000000002,54.833333333333336,0.3020833333333333,145.71354166666666,2025-12-07,0.0001172277970764,0.0362824468957219
176.20833333333334,316.0416666666667,99.30104166666666,36.58541666666667,2.47875,9.51500496031746,17.568749999999998,53.645833333333336,0.3,173.4375,2025-12-08,0.0001217520213902,0.0343500046918044
153.66666666666666,298.734375,94.43333333333334,29.76875,2.487083333333333,16.054166666666667,17.353125000000002,53.489583333333336,0.3052083333333333,170.0625,2025-12-09,0.0001446996177911,0.0411454023761989
131.91666666666666,267.7083333333333,82.440625,22.854166666666668,2.396145833333333,15.922395833333333,17.363541666666666,53.04166666666666,0.303125,171.22916666666666,2025-12-10,0.0001482678026064,0.0412057265639289
213.625,377.5833333333333,93.02395833333333,17.120833333333334,3.5852083333333336,16.1875,17.091666666666665,61.645833333333336,0.315625,257.125,2025-12-11,0.0001717076520435,0.0401999652385696
337.5072463768116,508.0157342657343,101.63333333333333,19.076041666666665,4.729479166666667,16.025000000000002,16.882291666666667,65.73958333333333,0.3010416666666666,209.83333333333331,2025-12-12,0.0003056462137678,
465.0208333333333,648.5724637681159,97.12135416666666,12.8125,5.056614583333333,16.599999999999998,16.721354166666668,71.75,0.3770833333333334,221.36979166666663,2025-12-13,0.0004040591867559,
458.7124183006536,644.965467968564,89.05416666666667,10.0203125,5.628541666666667,15.113541666666668,16.772916666666667,77.26041666666667,0.334375,208.83333333333331,2025-12-14,,
355.7083333333333,494.9166666666667,91.609375,14.183125,4.245,14.880208333333334,16.650000000000002,73.85416666666667,0.3125,213.85416666666663,2025-12-15,0.0001554602154684,0.0398783488307263
194.125,321.9791666666667,76.74374999999999,19.303665413533835,2.2280208333333333,14.264583333333334,17.346875,61.3125,0.3177083333333333,210.15625,2025-12-16,9.112062485309084e-05,
241.29166666666663,404.0416666666667,71.8484375,26.6,2.44296875,12.330729166666666,17.055208333333333,65.94791666666667,0.309375,155.09077380952382,2025-12-17,0.0001204170330311,0.0442948063157027
346.0833333333333,521.0833333333334,49.64895833333333,19.792103174603174,3.0036458333333336,11.195833333333333,15.055208333333333,83.39583333333333,0.3677083333333333,131.11458333333334,2025-12-18,0.0002718026854603,0.0548224185224648
283.625,434.1458333333333,66.21145833333334,14.609732142857144,3.4469791666666665,10.104166666666666,15.884375,76.36458333333333,0.3052083333333333,119.86458333333331,2025-12-19,0.0003437343872004,0.0522480032159654
386.5416666666667,524.4791666666666,49.95104166666667,82.5625,4.09625,11.264583333333334,13.972916666666668,85.73958333333333,0.6489583333333333,136.47916666666666,2025-12-20,,0.0438434030151483
260.875,370.7083333333333,44.24166666666667,16.65462454212454,2.3517708333333336,10.879166666666668,14.948958333333332,81.375,0.44375,135.16666666666666,2025-12-21,0.0002596674464513,
333.4583333333333,520.0625,63.77708333333334,19.924280303030304,3.2277083333333336,9.917708333333334,15.191666666666668,79.58333333333333,0.3531249999999999,132.89583333333334,2025-12-22,0.000284246545078,0.0553678905594082
292.8125,429.2916666666667,63.6375,32.9,3.2834375,10.264583333333333,16.152083333333334,74.09375,0.3062499999999999,156.35416666666666,2025-12-23,0.0001462599798283,0.0452283655696113
132.20833333333334,289.375,50.9375,24.626041666666666,2.189270833333333,9.269791666666666,16.338541666666668,65.61458333333333,0.3645833333333333,146.17708333333334,2025-12-24,0.0001265091553075,
205.95833333333331,389.03246753246754,63.153125,30.95208333333333,2.7964583333333333,9.520287698412698,15.7625,64.82291666666667,0.3072916666666667,188.36458333333331,2025-12-25,0.0002160997933279,0.0464077778160554
335.1458333333333,473.4318181818182,54.79583333333333,27.460416666666664,3.3934375,9.18125,15.522916666666667,71.35416666666667,0.3145833333333333,175.82291666666666,2025-12-26,0.0002351220073768,0.0479008826936282
340.0208333333333,515.9583333333334,60.575,28.835416666666664,2.6446875,9.70625,15.355208333333332,73.07291666666667,0.3239583333333333,180.73958333333331,2025-12-27,0.0001811953887093,
372.125,568.6666666666666,58.74583333333334,25.14270833333333,3.8525,9.833854166666669,15.297916666666666,75.76041666666667,0.3052083333333333,174.47916666666666,2025-12-28,0.000180710698104,0.0421371795237048
357.8958333333333,496.0833333333333,54.95416666666667,19.501041666666666,2.891875,10.615625,14.477083333333333,81.66666666666667,0.3374999999999999,189.38541666666663,2025-12-29,0.0002725167274918,0.0447267017886175
359.4305555555556,502.5418060200669,127.9984477124183,22.76388888888889,3.188239087301588,8.290625,14.726041666666667,77.21875,0.309375,154.82291666666666,2025-12-30,0.0003705697206209,
310.69565217391306,402.60869565217394,25.00520833333333,21.8375,2.8545833333333337,4.964583333333334,13.322916666666666,87.39583333333333,0.3,169.0,2025-12-31,,
